1,Acrobatics,AG,QU,,AG/QU,athletic,NULL,1/4,2/5,NULL,2/5,1/3,NULL,1/2,NULL,2/5,NULL,2/5,NULL,1/4,5,1/3,2/6,6,1/3,NULL,2/6,2/5,NULL,NULL,1/5,2/6,1/3,2/6,2/6,2/6,2/6,2/7,2/7,2/7,3,2/7,NULL,2/7,3,3/7,3,3/7,NULL,3,3/7,2/6,3,3,3,4,3,3,3,1/4,3,3,2/7,5,3/7
2,Acting,PR,EM,,PR/EM,subterfuge,NULL,1/3,2/6,NULL,2/6,2/5,NULL,2/5,NULL,2/6,NULL,2/5,NULL,1/3,2/5,2/5,1/3,6,2/5,NULL,1/5,2/6,NULL,NULL,2/6,1/2,2/5,3/6,3/6,2/6,1/5,3/6,2/7,2/7,3/5,2/7,NULL,2/7,1/3,2/6,3/6,2/6,NULL,2/7,2/6,1/5,2/5,2/7,1/4,2/7,3/6,3/6,3/6,2/6,1/2,3/6,2/7,2/6,2/6
3,Administration,RE,PR,,RE/PR,academic,NULL,2/6,7,NULL,5,2/6,NULL,2/5,NULL,2/6,NULL,6,NULL,2/6,1/3,2/5,1/3,6,3/7,NULL,1/5,7,NULL,NULL,3/7,2/6,2/5,2/5,2/5,5,1/5,2/5,6,2/4,2/5,6,NULL,2/5,2/5,2/5,2/5,2/5,NULL,2/5,2/5,1/5,2/5,2/5,2/4,5,2/5,2/5,2/5,2/6,2/5,2/5,6,1/2,2/5
4,Adrenal Move: Balance,PR,SD,,PR/SD,concentration,NULL,3/8,2/4,NULL,2/6,1/3,NULL,1/2,NULL,2/6,NULL,1/3,NULL,2/6,5,2/6,2/6,5,1/3,NULL,2/7,2/7,NULL,NULL,2/4,2/7,2/7,2/7,3/9,2/7,2/7,3/7,5,5,6,5,NULL,5,6,3,6,3,NULL,5,5,6,5,5,5,5,5,6,2/7,1/4,5,6,5,7,3
5,Adrenal Move: Landing,PR,SD,,PR/SD,concentration,NULL,3/8,2/4,NULL,2/6,1/3,NULL,1/2,NULL,2/6,NULL,1/3,NULL,2/6,5,2/6,2/6,5,1/3,NULL,2/7,2/7,NULL,NULL,2/4,2/7,2/4,2/7,3/9,2/7,2/7,3/7,5,5,6,5,NULL,5,6,3,6,3,NULL,5,5,6,5,5,5,5,5,6,2/7,1/4,5,6,5,7,3
6,Adrenal Move: Leaping,PR,SD,,PR/SD,concentration,NULL,3/8,2/4,NULL,2/6,1/3,NULL,1/3,NULL,2/6,NULL,1/3,NULL,2/6,5,2/6,2/6,5,1/3,NULL,2/7,2/7,NULL,NULL,2/4,2/7,2/4,2/7,3/9,2/7,2/7,3/7,5,5,6,5,NULL,5,6,3,6,3,NULL,5,5,6,5,5,5,5,5,6,2/7,1/4,5,6,5,8,3
7,Adrenal Move: Quick Draw,PR,SD,,PR/SD,concentration,NULL,3/8,1/4,NULL,2/6,1/2,NULL,1/2,NULL,2/4,NULL,1/2,NULL,2/4,4,2/4,2/4,5,1/2,NULL,2/4,1/4,NULL,NULL,1/4,2/7,1/4,2/7,2/4,2/4,2/7,2/4,3,3,4,3,NULL,3,4,3,4,3,NULL,3,3,6,3,3,3,3,5,4,2/4,1/4,3,4,3,7,3
8,Adrenal Move: Speed,PR,SD,,PR/SD,concentration,NULL,3/8,2/4,NULL,2/6,1/3,NULL,1/3,NULL,2/6,NULL,1/3,NULL,2/6,5,2/6,2/6,5,1/3,NULL,2/7,2/7,NULL,NULL,2/4,2/7,2/4,2/7,3/9,2/7,2/7,3/7,5,5,6,5,NULL,5,6,3,6,3,NULL,5,5,6,5,5,5,5,5,6,1/3,2/4,5,6,5,7,3
9,Adrenal Move: Strength,PR,SD,,PR/SD,concentration,NULL,3/8,2/4,NULL,2/6,1/3,NULL,1/5,NULL,2/6,NULL,1/3,NULL,2/6,5,2/6,2/6,5,1/3,NULL,2/7,2/7,NULL,NULL,2/4,2/7,2/4,2/7,3/9,2/7,2/7,3/7,5,5,6,5,NULL,5,6,3,6,3,NULL,5,6,6,5,5,5,5,5,6,2/7,1/5,5,6,5,8,3
10,Advanced Math,RE,ME,,RE/ME,academic,NULL,4/7,7,NULL,3/7,3/7,NULL,5,NULL,4/8,NULL,7,NULL,4/7,1/4,3/8,2/4,6,4/7,NULL,3/6,7,NULL,NULL,3/6,4/7,3/8,3/7,3/7,3/7,3/6,3/7,3/7,3/6,3/7,3/7,NULL,3/6,3/5,3/5,3/7,3/6,NULL,2/3,3/7,3/6,3/7,3/6,3/7,3/7,3/7,2/5,3/6,3/7,3/6,2/6,3/7,1/3,3/6
11,Advertising,IN,RE,,IN/RE,general,NULL,2/4,4,NULL,3/6,2/4,NULL,1/4,NULL,3/6,NULL,6,NULL,2/4,1/4,2/4,2/6,6,1/5,NULL,1/5,3/6,NULL,NULL,3/6,2/4,3/5,3/6,3/6,3/6,2/5,3/6,2/6,2/5,3/6,2/6,NULL,2/6,2/4,3/6,3/5,3/5,NULL,3/6,3/6,1/5,3/6,3/6,2/4,1/4,3/6,3/5,3/6,1/4,3/6,3/6,1/4,1/4,3/5
12,Alchemy,RE,ME,,RE/ME,academic,NULL,3/5,3/9,NULL,3/7,2/6,NULL,3/7,NULL,3/7,NULL,3/6,NULL,3/5,1/4,2/6,2/5,6,3/9,NULL,2/4,3/5,NULL,NULL,2/5,3/5,2/6,2/7,2/7,3/7,2/4,3/5,2/6,2/4,2/5,3/6,NULL,3/6,2/7,1/2,2/4,2/6,NULL,2/4,3/5,2/4,2/6,2/5,2/6,1/4,2/4,1/3,1/4,3/7,2/4,2/6,3/6,1/3,2/6
13,Ambush,NA,,,NA,deadly,NULL,1/2,2/5,NULL,3/8,1/3,NULL,2/5,NULL,3/8,NULL,2/5,NULL,2/5,3/9,1/3,4,4,3/9,NULL,6,3,NULL,NULL,4,4,3,3,9,3,3,9,6,9,7,6,NULL,9,5,9,9,9,NULL,9,9,9,9,9,6,9,,9,6,3,4,9,9,9,9
14,Animal Handling,EM,PR,,EM/PR,outdoor,NULL,3,1/3,NULL,1/3,3/6,NULL,2/7,NULL,1/4,NULL,2/6,NULL,1/4,2/5,2/5,1/3,6,2/6,NULL,1/5,1/2,NULL,NULL,2/5,1/4,2/5,1/4,1/4,1/3,1/5,1/5,1/2,2,2/4,1/2,NULL,2,2/5,2,2/5,2,NULL,2,3,1/5,2,2/7,2/4,1/4,4,2/5,2/5,3,2/6,2/5,2/4,3,2
15,Animal Healing,EM,RE,,EM/RE,medical,NULL,3,2/6,NULL,2/6,2/6,NULL,2/6,NULL,2/6,NULL,2/6,NULL,2/5,2/5,2/6,2/6,6,2/5,NULL,2/5,2/6,NULL,NULL,2/5,2/5,1/5,2/5,2/5,2/6,2/5,2/6,1/4,1/5,2/6,1/4,NULL,1/3,2/6,1/2,2/6,2/6,NULL,2/6,4,2/5,2/6,2/6,3/6,2/4,,2/5,2/5,2/5,2/5,2/6,1/2,2/5,2/5
16,Animal Training,EM,PR,,EM/PR,outdoor,NULL,3,1/3,NULL,3/7,3/8,NULL,2/7,NULL,3/7,NULL,3/8,NULL,3/6,2/6,3/7,1/4,6,3/8,NULL,3/7,1/2,NULL,NULL,4,3/6,3/8,3/7,3/7,3/7,3/7,2/6,1/3,4,4,1/3,NULL,4,4,3,4,3,NULL,4,4,3/7,4,4,4,2,4,4,4,3,4,4,4,3,3
17,Anthropology,IN,EM,,IN/EM,academic,NULL,3,7,NULL,2/6,3,NULL,3,NULL,3,NULL,3/7,NULL,3,1/4,3,3,6,2/6,NULL,1/4,6,NULL,NULL,2/6,3,3/6,2/6,2/6,2/6,1/4,2/6,2/5,2/5,2/5,2/5,NULL,2/5,2/5,2/5,2/5,2/5,NULL,2/5,2/7,1/4,2/5,2/5,1/5,2/5,2/5,2/5,1/5,3,2/5,2/5,2/5,1/3,2/5
18,Appraisal,RE,ME,,RE/ME,general,NULL,2/4,3/6,NULL,1/4,1/2,NULL,1/4,NULL,2/5,NULL,2/5,NULL,2/4,1/4,1/4,1/2,6,2,NULL,1/3,2/5,NULL,NULL,2/5,2/4,1/4,1/4,1/4,1/4,2/5,3/7,2,2,3/7,2,NULL,2,3/7,2,3/7,2,NULL,2,2/5,1/3,2,2,2,2,3/7,1/2,1/2,3,3/5,3/7,2/4,2/5,2/5
19,Architecture,RE,ME,,RE/ME,academic,NULL,2/5,5,NULL,3/6,2/5,NULL,3,NULL,3/6,NULL,4,NULL,2/5,1/3,2/4,2/5,6,3/6,NULL,2/5,5,NULL,NULL,3/6,2/5,2/4,2/5,2/5,3/6,2/5,3/5,3/6,2/4,2/5,3/6,NULL,2/5,2/5,2/5,2/5,2/5,NULL,2/5,4,2/5,2/5,2/5,4,2/5,2/5,2/5,2/5,4,2/5,2/5,3/6,1/3,2/5
20,Armor Evaluation,IN,RE,,IN/RE,general,NULL,1/3,1/3,NULL,1/4,1/3,NULL,2/7,NULL,1/2,NULL,2/5,NULL,1/3,3,1/3,1/3,1,3,NULL,2/5,1/2,NULL,NULL,3/6,1/3,1/3,1/3,1/3,1/4,2/5,2/4,2,2,3,2,NULL,2,4,5,4,3,NULL,4,3/7,2/5,3,3/6,3,3,4,1/3,1/3,6,3,4,2,4,2/6
21,Astronomy,ME,RE,,ME/RE,academic,NULL,3/7,3/7,NULL,3/5,3/7,NULL,3/7,NULL,3/7,NULL,7,NULL,3/7,1/4,3/7,2/5,6,3/7,NULL,3/6,3/7,NULL,NULL,3/6,3/7,3/7,3/6,3/6,3/5,3/6,2/8,2/4,2/4,2/5,2/4,NULL,2/5,3/7,3/7,3/7,3/7,NULL,2/3,6,3/6,3/6,2/5,1/5,2/4,3/7,3/7,3/5,3/7,2/5,3/7,2/4,1/3,2/4
22,Athletic Games,ST,AG,QU,ST/AG/QU,athletic,NULL,1/5,1/4,NULL,1/4,1/5,NULL,1/4,NULL,1/4,NULL,1/5,NULL,1/5,7,1/5,2/6,6,1/5,NULL,2/6,1/5,NULL,NULL,1/5,2/6,2/6,1/5,1/5,1/4,2/6,2/6,4,5,6,3,NULL,6,7,6,6,5,NULL,7,8,2/6,7,7,4,7,7,7,3/7,3/6,7,7,7,9,4
23,Attunement,EM,IN,,EM/IN,magical,NULL,9,8,NULL,6,7,NULL,8,NULL,9,NULL,7,NULL,8,4,7,5,25,9,NULL,6,6,NULL,NULL,5,6,7,5,9,6,6,3/7,2/6,2/5,1/4,2/5,NULL,3/7,1/4,2/6,1/4,2/5,NULL,2/6,2/5,1/4,2/5,2/5,2/5,2/5,1/4,1/3,5,6,2/5,1/4,2/5,2/5,2/6
24,Basic Math,RE,ME,,RE/ME,academic,NULL,3/6,3/7,NULL,2/6,2/6,NULL,3/9,NULL,3/7,NULL,6,NULL,3/6,1/4,2/7,1/3,6,3/6,NULL,2/5,3/6,NULL,NULL,2/5,3/6,2/7,2/6,2/6,2/6,2/5,2/6,2/6,2/5,2/6,2/6,NULL,2/6,2/4,2/4,2/6,2/5,NULL,1/2,2/6,2/5,2/6,1/5,2/6,2/6,2/6,1/4,2/5,2/6,2/5,1/5,2/6,1/2,2/5
25,Beast Mastery,EM,PR,,EM/PR,outdoor,NULL,4,3/7,NULL,4,5,NULL,3/8,NULL,4,NULL,4,NULL,4,4,4,4,6,4,NULL,4,1/2,NULL,NULL,4,4,5,4,4,4,4,4,2/5,5,4,2/4,NULL,5,4,4,4,4,NULL,5,5,4,5,5,1/4,2/5,2/5,5,5,4,4,4,3/6,4,4
26,Begging,PR,EM,,PR/EM,subterfuge,NULL,2/4,3/7,NULL,2/6,1/4,NULL,1/5,NULL,2/6,NULL,3/7,NULL,2/4,2/4,1/4,1/4,6,2/6,NULL,1/5,2/6,NULL,NULL,2/6,2/4,1/4,3/6,3/6,2/6,1/5,2/6,3/6,2/6,2/6,3/6,NULL,2/6,2/6,2/5,2/6,2/5,NULL,2/5,4,1/5,2/6,2/6,2/6,2/6,2/6,2/6,2/6,1/4,2/4,2/6,2/6,2/7,2/5
27,Biochemistry,IN,RE,,IN/RE,academic,NULL,5,4,NULL,5,5,NULL,4,NULL,5,NULL,5,NULL,5,1/4,5,5,6,5,NULL,5,4,NULL,NULL,5,5,5,5,5,5,5,3/5,2/5,5,5,2/5,NULL,2/4,5,2/4,5,5,NULL,5,3/7,5,6,7,2/6,2/6,5,5,5,4,5,5,2/7,1/3,5
28,Boat Pilot,ME,AG,,ME/AG,academic,NULL,2/6,1/3,NULL,1/4,2/6,NULL,3/7,NULL,2/6,NULL,3/6,NULL,2/6,1/4,2/6,2/3,6,2/6,NULL,2/6,2/4,NULL,NULL,2/6,2/6,2/6,2/6,2/6,1/4,2/6,2/5,1/5,2/5,2/6,1/5,NULL,3/6,2/6,2/6,2/6,2/6,NULL,2/4,3/7,2/6,2/6,2/6,3/7,2/5,2/6,2/6,2/6,3/7,2/6,2/6,2/5,1/3,1/4
29,Body Damage Stablize,SD,EM,,SD/EM,concentration,NULL,3/7,3/6,NULL,1/4,2/5,NULL,3/6,NULL,3/8,NULL,1/4,NULL,3/7,3/6,3/6,3/8,6,1/4,NULL,2/5,2/5,NULL,NULL,1/3,3/7,1/3,1/5,1/5,1/4,2/5,3/6,2/4,1/4,2/6,2/4,NULL,1/2,3/5,1/2,3/5,1/4,NULL,2/5,3/7,2/5,2/5,2/5,1/4,2/4,3,3/5,1/4,1/5,1/3,3/5,1/2,3/5,1/3
30,Body Development,CO,,,CO,body development,NULL,2/7,1/3,NULL,1/5,3/7,NULL,1/5,NULL,1/3,NULL,2/7,NULL,2/5,7,3/7,2/6,1,2/7,NULL,3/8,2/7,NULL,NULL,3/7,3/8,3/8,2/5,2/5,2/7,3/8,2/8,4,6,7,4,NULL,1/3,8,6,8,6,NULL,6,8,6,8,8,8,6,8,6,4/7,2/6,8,8,2/4,6,6
31,Brawling,RE,IN,,RE/IN,arms,NULL,2/7,2/5,NULL,2/6,2/7,NULL,3/5,NULL,2/6,NULL,8,NULL,1/5,18,2/7,2/5,2,8,NULL,5,2/6,NULL,NULL,8,5,2/7,3/6,3/6,5,5,6,7,7,18,5,NULL,18,18,8,18,8,NULL,18,20,5,18,18,15,18,18,18,18,5,18,18,18,20,15
32,Bribery,PR,RE,,PR/RE,subterfuge,NULL,1/4,3/7,NULL,2/6,1/3,NULL,1/4,NULL,2/6,NULL,2/5,NULL,3/5,3/8,2/4,2/4,6,1/4,NULL,1/3,2/6,NULL,NULL,2/6,3/5,1/4,3/6,3/6,2/6,1/3,2/6,3/6,2/6,2/6,3/6,NULL,2/6,2/6,2/5,2/6,2/5,NULL,2/5,2/4,1/3,2/6,2/6,1/4,2/6,2/6,2/6,1/5,2/6,2/4,2/6,2/6,1/5,2/5
33,Camouflage,RE,IN,,RE/IN,subterfuge,NULL,1/3,1/4,NULL,1/5,3/7,NULL,2/6,NULL,2/5,NULL,3/5,NULL,1/3,3/7,1/3,2/5,6,2/4,NULL,2/7,2/5,NULL,NULL,2/7,1/3,1/3,2/5,2/5,1/5,2/7,2/7,3,5,5,3,NULL,6,3,6,5,5,NULL,6,4,2/7,6,6,3,6,5,6,6,2/6,2,5,6,6,6
34,Caving,SD,RE,,SD/RE,outdoor,NULL,2/4,2/6,NULL,2/6,1/4,NULL,2/6,NULL,2/6,NULL,6,NULL,2/4,2/6,1/4,2/6,6,2/5,NULL,2/6,2/6,NULL,NULL,2/6,2/4,3/6,3/6,3/6,2/6,2/6,3/7,2/7,2/7,3,2/7,NULL,2/7,3,3,3,3,NULL,3,1/3,2/6,2/5,3,3,2/7,3,3,3/6,2/6,3,3,2/7,3,1/2
35,Channeling,IN,,,IN,magical,NULL,20,25,NULL,25,20,NULL,19,NULL,25,NULL,20,NULL,20,15,20,20,25,19,NULL,13,13,NULL,NULL,13,13,20,20,3,3,3,10,2/5,1/4,7,2/5,NULL,2/5,7,8,7,8,NULL,1/5,8,13,2/5,2/5,2/6,1/4,2/5,7,13,2/7,8,7,1/5,8,8
36,Circle Lore,ME,RE,,ME/RE,magical,NULL,6,7,NULL,6,4,NULL,5,NULL,6,NULL,4,NULL,5,3/6,4,6,6,5,NULL,3/6,6,NULL,NULL,3/6,3/6,4,3/6,3/6,3/6,3/6,2/7,1/4,2/4,1/3,1/5,NULL,2/5,2/4,2/5,1/4,2/5,NULL,2/5,2/4,3/6,2/5,1/4,1/4,1/4,1/4,2/4,2/4,3/8,2/5,1/3,2/4,1/4,2/7
37,Climbing,AG,,,AG,athletic,NULL,1/5,2/6,NULL,3/7,1/3,NULL,2/5,NULL,3/7,NULL,2/6,NULL,3/7,6,2/5,4,6,3/7,NULL,3/9,2/5,NULL,NULL,3/7,3/9,3/7,5,6,3/9,3/9,3/9,4,5,6,4,NULL,6,7,6,6,5,NULL,7,5,7,7,7,4,5,7,7,3/7,2/5,7,7,5,7,4
38,Contortions,AG,SD,,AG/SD,athletic,NULL,1/3,2/6,NULL,2/6,1/3,NULL,1/2,NULL,2/6,NULL,2/5,NULL,2/4,4,1/3,2/6,6,1/2,NULL,2/5,2/6,NULL,NULL,2/4,2/5,1/3,2/5,2/5,2/6,2/5,3/7,2/6,3/7,5,2/6,NULL,2/6,4,3,5,3,NULL,5,2/6,2/5,5,5,4,3/7,5,5,5,1/4,4,5,2/6,4,3
39,Control Lycanthropy,SD,,,SD,concentration,NULL,2/6,2/4,NULL,2/6,1/3,NULL,2/6,NULL,2/6,NULL,1/3,NULL,2/6,3/7,2/6,2/6,6,1/3,NULL,2/6,2/6,NULL,NULL,2/6,2/6,2/6,1/4,1/4,2/6,2/6,2/6,2/4,1/4,1/5,2/4,NULL,1/2,2/4,1/4,1/4,1/4,NULL,2/5,2/6,2/6,2/4,2/5,1/2,2/4,1/3,3/6,2/6,1/3,1/3,2/4,1/2,3/7,1/2
40,Cookery,RE,AG,,RE/AG,general,NULL,2/4,2/5,NULL,2/5,1/5,NULL,1/5,NULL,2/5,NULL,6,NULL,2/5,1/4,1/5,1/3,6,2/5,NULL,2/6,2/5,NULL,NULL,2/6,2/5,1/5,2/6,2/6,2/4,2/6,2/6,1/4,2/4,2/6,1/4,NULL,1/5,2/6,1/2,2/6,2/6,NULL,2/6,2/5,2/6,2/5,2/4,2/4,1/2,2/6,1/2,1/3,2/6,2/6,2/6,2/4,2/5,2/6
41,Crafting,AG,SD,,AG/SD,general,NULL,2/4,2/6,NULL,2/4,1/4,NULL,2/5,NULL,2/5,NULL,2/5,NULL,2/4,1/5,1/5,1/4,6,2/5,NULL,3/5,2/4,NULL,NULL,1/4,2/4,2/6,2/4,2/4,2/4,3/5,2/5,2/6,2/6,2/4,2/6,NULL,2/6,2/4,3/6,2/5,2/4,NULL,2/6,2/6,3/5,2/5,2/6,2/6,2/6,2/5,1/2,1/3,3,2/6,1/5,2/6,2/6,2/5
42,Dance,AG,IN,,AG/IN,athletic,NULL,2/4,2/6,NULL,2/6,2/4,NULL,1/2,NULL,2/6,NULL,6,NULL,2/4,2/6,2/4,2/6,6,2/4,NULL,1/3,2/6,NULL,NULL,1/5,1/3,2/4,2/5,2/5,2/5,1/5,2/6,1/5,1/5,2/6,1/5,NULL,2/4,2/6,2/6,2/6,2/6,NULL,2/5,2/6,1/3,2/6,2/7,2/6,1/4,2/6,2/6,2/6,1/5,2/4,2/6,1/4,2/6,2/5
43,Demon/Devil Lore,ME,RE,,ME/RE,academic,NULL,4,5,NULL,2/5,3,NULL,3,NULL,5,NULL,4,NULL,4,1/4,3,4,6,4,NULL,2/5,5,NULL,NULL,1/3,4,3,2/4,2/4,2/5,2/5,2/6,1/4,1/3,1/3,1/4,NULL,2/5,1/2,2/6,1/2,1/4,NULL,2/5,2/4,2/5,1/3,1/2,1/3,1/2,1/2,1/3,1/4,2/4,1/3,1/3,1/3,1/3,1/4
44,Detect Traps,IN,,,IN,perception,NULL,1/3,2/5,NULL,1/3,1/2,NULL,1/4,NULL,2/4,NULL,1/4,NULL,1/3,2/4,1/2,1/4,6,1/4,NULL,1/4,2/4,NULL,NULL,2/5,1/3,1/2,1/4,1/4,1/3,1/4,2/6,3,3,3,2/4,NULL,3,1/4,3,3,3,NULL,2/5,3/6,1/4,3,3,1/4,3,3,2/5,2/5,3/7,,3,3,3,1/4
45,Diagnostics,IN,RE,,IN/RE,medical,NULL,3,3,NULL,3,3,NULL,1/5,NULL,3,NULL,2/5,NULL,3,2/5,3,3,6,2/5,NULL,1/4,3,NULL,NULL,1/4,3,3,3,1/4,1/4,1/4,3,1/4,2/5,3/6,1/4,NULL,1/2,3/6,1/2,3/6,3/6,NULL,3/6,2/6,1/4,2/4,3/6,3/6,2/5,2,2,2,2/5,3/5,3/6,1/3,1/5,2/5
46,Diplomacy,PR,IN,,PR/IN,social,NULL,1/3,3/6,NULL,2/6,2/4,NULL,2/4,NULL,2/5,NULL,2/4,NULL,2/5,1/4,2/5,1/3,6,2/5,NULL,1/4,2/5,NULL,NULL,2/6,1/4,2/5,1/4,1/4,2/6,1/4,2/4,2/5,1/4,2/5,3/8,NULL,2/4,2/4,2/5,2/4,2/4,NULL,1/5,2/5,1/4,2/6,3/8,1/4,3/6,2/4,2/5,2/5,2/6,2/5,2/4,1/5,2/6,1/5
47,Direction Sense,IN,RE,,IN/RE,perception,NULL,1/4,1/4,NULL,1/2,1/4,NULL,1/4,NULL,1/4,NULL,1/3,NULL,1/4,2/4,1/4,1/3,6,1/3,NULL,1/4,1/4,NULL,NULL,2/4,1/4,1/4,2/4,2/4,1/2,1/4,1/5,1/4,2/4,1/5,1/4,NULL,2/4,1/4,2/4,2/4,1/3,NULL,1/2,1/2,1/4,2/4,2/4,2/5,2/5,2/4,2/4,2/4,1/4,1/4,1/4,2/4,1/3,1/3
48,Disarm Foe: Armed,AG,,,AG,arms,NULL,2/5,2/5,NULL,2/5,2/5,NULL,3/6,NULL,2/5,NULL,1/3,NULL,2/5,7,2/5,4,2,2/3,NULL,5,2/5,NULL,NULL,3,5,2/5,2/5,2/5,4,5,4,5,5,6,5,NULL,7,5,7,6,6,NULL,6,9,5,6,6,5,5,6,6,6,5,6,6,7,9,6
49,Disarm Foe: Unarmed,AG,,,AG,arms,NULL,3/6,3/8,NULL,3/6,2/4,NULL,2/5,NULL,3/6,NULL,1/4,NULL,3/6,6,3/7,5,3,1/5,NULL,6,3/6,NULL,NULL,2/4,6,3/7,4,4,5,6,6,7,7,9,7,NULL,9,9,3,9,3,NULL,8,9,6,9,8,7,7,9,9,9,4,8,9,9,9,3
50,Disarm Trap,IN,AG,,IN/AG,subterfuge,NULL,2/5,2/5,NULL,2/5,1/3,NULL,3,NULL,3/8,NULL,3/6,NULL,2/5,3/9,1/3,3/6,6,3/9,NULL,4,2/6,NULL,NULL,4,2/6,3/7,6,7,4,3/6,4,8,7,7,7,NULL,8,8,8,7,7,NULL,7,6,8,7,7,7,8,7,4,1/5,5,7,7,7,8,7
51,Disguise,PR,SD,,PR/SD,subterfuge,NULL,1/3,3/7,NULL,2/6,1/3,NULL,1/3,NULL,2/6,NULL,1/4,NULL,2/5,2/7,1/3,1/4,6,2/5,NULL,1/5,2/6,NULL,NULL,2/6,1/3,1/3,3/6,3/6,2/6,1/5,2/6,2/7,2/7,3/6,2/7,NULL,2/7,1/3,2/6,3/6,2/6,NULL,2/7,5,1/5,2/7,2/7,2/5,2/7,3/6,3/6,3/6,2/6,1/2,3/6,2/7,2/7,2/6
52,Distance Running,CO,,,CO,athletic,NULL,2/5,2/4,NULL,2/4,1/3,NULL,1/4,NULL,2/4,NULL,1/4,NULL,2/5,3,1/3,2/5,6,1/5,NULL,2/6,2/5,NULL,NULL,2/6,2/6,1/3,2/5,2/5,2/6,2/6,2/7,3,3,3,3,NULL,3,3,3,3,3,NULL,3,3,2/6,3,3,3,4,3,3,3,1/2,3,3,3,3,3
53,Divination,IN,EM,,IN/EM,magical,NULL,3/6,3/6,NULL,3/6,3/6,NULL,3/5,NULL,3/6,NULL,3/5,NULL,3/6,2/5,3/6,2/5,6,3/5,NULL,3/5,3/5,NULL,NULL,3/5,3/5,3/5,3/5,3/5,3/5,3/5,3/6,2/4,1/5,1/4,2/5,NULL,2/5,2/4,2/5,2/4,2/4,NULL,1/4,1/5,3/5,1/5,2/5,1/4,1/3,2/4,2/4,3/5,3/5,1/4,1/4,1/4,1/4,1/3
54,Diving,SD,AG,,SD/AG,athletic,NULL,1/3,2/6,NULL,2/6,1/3,NULL,1/3,NULL,2/6,NULL,2/5,NULL,2/4,3,1/3,2/5,6,1/4,NULL,2/5,2/4,NULL,NULL,2/4,2/5,2/4,2/6,2/6,2/5,2/5,2/6,2/5,2/5,3,2/5,NULL,2/5,3,3,3,3,NULL,3,3,2/5,3,3,3,4,3,3,3,1/3,3,3,3,3,3
55,Dowsing,EM,,,EM,concentration,NULL,3/6,2/5,NULL,2/4,3/6,NULL,3/6,NULL,3/7,NULL,2/5,NULL,3/6,3/6,3/5,3/5,6,2/5,NULL,2/5,3/7,NULL,NULL,2/4,3/6,3/5,3/6,3/6,2/4,2/5,3/7,1/3,2/4,2/5,1/2,NULL,2/5,2/5,2/5,1/3,2/4,NULL,2/5,1/4,2/5,2/5,1/4,3/6,2/6,1/3,2/5,2/5,2/4,1/4,2/5,1/5,3/6,1/4
56,Drafting,RE,ME,,RE/ME,academic,NULL,2/5,3/6,NULL,3/7,2/5,NULL,2/5,NULL,3/6,NULL,2/4,NULL,2/5,1/4,2/4,2/4,6,2/4,NULL,2/4,2/5,NULL,NULL,1/3,2/5,2/4,3/7,3/7,3/7,2/4,2/5,3/7,2/4,2/5,3/6,NULL,3/6,2/5,3/6,2/5,2/4,NULL,2/4,3/7,2/4,2/5,2/5,3/7,3/6,2/4,1/3,1/4,3,2/4,1/3,3/6,1/3,2/4
57,Dragon Lore,ME,RE,,ME/RE,academic,NULL,2,2,NULL,3,4,NULL,5,NULL,2,NULL,5,NULL,2,1/4,4,4,6,3,NULL,2/5,4,NULL,NULL,2/5,2,2,1/4,1/4,1/3,2/5,2/7,1/3,1/4,1/3,1/3,NULL,2/5,1/3,2/6,1/3,2/4,NULL,1/4,2/5,2/5,2/4,1/3,2/4,1/4,1/3,1/3,1/4,2/5,1/4,1/3,1/5,1/3,3/4
58,Driving,AG,QU,,AG/QU,outdoor,NULL,1/5,1/3,NULL,2/7,2/6,NULL,2/7,NULL,1/4,NULL,2/6,NULL,1/5,2/6,2/6,1/2,6,2/6,NULL,2/7,1/4,NULL,NULL,2/7,1/5,3,2/6,2/6,2/7,2/7,2/4,2,3,3,2,NULL,3,3,3,3,3,NULL,3,5,2/7,3,3,3,3,4,3,3,3,3,3,3,3,3
59,Drug Tolerance,CO,SD,,CO/SD,medical,NULL,1/4,3,NULL,3/5,3/5,NULL,2/3,NULL,3/5,NULL,1/5,NULL,2/6,2/4,1/4,2/6,6,2/5,NULL,2/5,3,NULL,NULL,1/5,2/6,1/3,3/6,3/6,3/6,2/5,3/5,3,3/6,3/6,3,NULL,2/5,3/6,2/5,3/6,3/6,NULL,3/6,3/5,2/5,3/6,3/6,2/5,2/5,3/6,2/5,3/6,2/5,3/6,3/6,2/5,3/6,3/6
60,Duping,PR,,,PR,social,NULL,1/4,2/4,NULL,2/6,2/4,NULL,1/4,NULL,2/6,NULL,3/7,NULL,1/4,2/6,2/4,1/3,6,2/6,NULL,1/4,2/6,NULL,NULL,2/6,1/4,2/4,2/4,2/4,2/6,1/4,2/7,3/6,3/6,2/5,3/6,NULL,3/6,3/5,2/6,3/5,2/6,NULL,2/6,2/6,1/4,2/5,2/5,1/4,1/4,3/5,3/5,3/5,3/5,1/4,2/5,2/4,2/4,2/4
61,Engineering,RE,ME,,RE/ME,academic,NULL,2/5,3/6,NULL,3/7,1/4,NULL,3,NULL,3/6,NULL,2,NULL,2/5,1/3,1/4,2/5,6,2,NULL,2/4,2/5,NULL,NULL,2/5,2/5,1/4,3/5,3/5,3/7,2/4,3/5,3/7,2/6,2/6,4,NULL,3/7,2/6,3/9,2/6,2/6,NULL,2/5,4,2/4,2/6,2/6,4,4,2/6,1/2,1/3,4,2/6,2/5,4,1/2,2/6
62,Faerie Lore,ME,RE,,ME/RE,academic,NULL,4,3,NULL,1/4,4,NULL,5,NULL,6,NULL,4,NULL,4,1/4,3,4,6,3,NULL,1/4,6,NULL,NULL,2/4,4,3,2/5,2/5,1/4,1/4,3/5,1/4,1/4,1/4,1/4,NULL,2/5,1/3,2/6,1/2,1/4,NULL,1/3,2/4,1/4,2/4,1/3,1/4,1/4,1/2,1/3,1/4,2/5,1/2,1/3,1/4,1/3,1/4
63,Falsification,SD,RE,,SD/RE,subterfuge,NULL,2/4,3,NULL,3,1/3,NULL,1/5,NULL,3,NULL,6,NULL,2/4,1/3,1/3,1/4,6,1/4,NULL,3,3,NULL,NULL,3,2/4,1/3,6,6,3,1/5,3,3,3,3,3,NULL,3,2/4,2/6,3,3,NULL,3,4,3,3,3,2/6,3,3,1/3,1/4,5,2/4,3,3,2/4,3
64,Fauna Lore,ME,RE,,ME/RE,academic,NULL,2,2/4,NULL,1/4,5,NULL,4,NULL,3,NULL,3,NULL,2,1/4,2,1/4,6,2/6,NULL,1/4,2,NULL,NULL,2/4,2,3,2/5,2/5,1/4,1/4,2/6,1/2,1/4,2/5,1/5,NULL,1/3,2/5,1/3,2/5,2/6,NULL,2/6,2/4,1/4,2/6,2/6,1/5,1/4,2/5,1/4,1/5,2/5,1/4,2/5,1/2,1/3,2/5
65,First Aid,SD,EM,,SD/EM,medical,NULL,2/6,2/6,NULL,2/6,2/6,NULL,2/6,NULL,2/6,NULL,2/6,NULL,2/6,1/4,2/6,2/6,6,2/6,NULL,2/6,2/6,NULL,NULL,2/6,2/6,2/6,1/5,1/5,2/4,2/6,2/6,1/5,1/5,2/6,1/5,NULL,1/2,2/6,1/2,2/6,2/6,NULL,2/6,2/6,2/6,3/6,3/6,3/6,2/4,2/6,2/5,2/5,1/4,2/6,2/6,1/2,2/4,2/6
66,Fletching,AG,SD,,AG/SD,general,NULL,2/4,2/4,NULL,2/5,2/4,NULL,3/8,NULL,2/4,NULL,6,NULL,2/4,3,2/4,2/5,6,2/5,NULL,2/5,1/4,NULL,NULL,2/5,2/4,2/6,2/5,2/5,2/5,2/5,2/5,2/5,2/5,2/6,2/4,NULL,2/6,2/7,2/5,2/6,2/6,NULL,3/6,3,2/5,2/6,3/5,3/5,3/7,2/7,1/3,1/3,3,3/6,2/6,2/5,3,2/6
67,Flora Lore,ME,RE,,ME/RE,academic,NULL,2,2/4,NULL,1/2,5,NULL,4,NULL,3,NULL,3,NULL,2,1/4,2,1/4,6,2/6,NULL,2/4,2,NULL,NULL,2/5,2,3,2/4,2/4,1/2,2/4,2/6,1/2,1/4,2/5,1/5,NULL,1/3,2/5,1/3,2/5,2/5,NULL,2/6,2/5,2/4,2/6,2/6,1/5,1/4,2/5,1/4,1/5,2/5,1/4,2/5,1/2,1/3,2/5
68,Fying/Gliding,ME,RE,,ME/RE,athletic,NULL,2/6,3/6,NULL,3/6,1/5,NULL,2/4,NULL,3/6,NULL,2/5,NULL,2/6,3,1/5,2/6,6,2/5,NULL,2/6,2/6,NULL,NULL,2/5,2/6,1/5,2/6,2/6,2/6,2/6,2/5,3,2/7,3,2/7,NULL,2/7,3,3,3,3,NULL,3,3,2/6,3,3,3,1/4,3,3,3,2/5,3,3,3,3,3
69,Foraging,IN,ME,,IN/ME,outdoor,NULL,2/5,2/6,NULL,1/3,2/6,NULL,2/6,NULL,2/6,NULL,6,NULL,2/5,2/6,2/6,2/5,6,2/6,NULL,2/6,1/4,NULL,NULL,2/6,2/5,2/6,2/6,2/6,1/3,2/6,2/6,1/5,2/5,2/6,1/5,NULL,2/5,2/7,2/5,2/6,2/6,NULL,2/6,2/6,2/6,2/6,2/6,2/6,2/5,2/6,2/5,2/5,2/4,2/6,2/6,2/5,2/6,1/4
70,Frenzy,EM,SD,,EM/SD,concentration,NULL,2/6,2/6,NULL,2/6,2/6,NULL,2/5,NULL,2/6,NULL,2/5,NULL,2/6,6,2/6,2/6,6,2/5,NULL,2/6,2/6,NULL,NULL,1/3,2/6,2/6,2/5,2/5,2/6,2/6,4,3,3,5,3,NULL,3,5,2/5,5,2/4,NULL,5,9,2/6,4,3/6,1/5,5,5,6,6,1/5,3,5,3,8,6
71,Gambling,ME,PR,,ME/PR,social,NULL,2/5,2/5,NULL,2/6,1/3,NULL,1/3,NULL,2/4,NULL,2/6,NULL,1/4,2/5,1/3,1/4,2,2/4,NULL,2/6,2/4,NULL,NULL,2/6,2/6,1/3,3/6,3/6,2/6,1/5,2/5,2/6,1/4,2/6,2/6,NULL,2/4,2/5,2/5,2/4,2/5,NULL,1/5,2/4,2/6,2/5,2/7,2/4,2/5,2/6,2/6,2/6,3/5,2/5,2/6,2/4,2/4,1/3
72,General Perception,IN,IN,RE,IN/IN/RE,perception,NULL,1/3,2/4,NULL,1/3,1/3,NULL,2/4,NULL,2/5,NULL,2/5,NULL,1/3,13,1/3,1/3,4,2/5,NULL,2/7,2/7,NULL,NULL,2/7,2/4,2/7,3/7,3/7,2/7,1/3,2/6,3,3,2,3,NULL,3,2,3,3,3,NULL,2,2,3,3,3,2/7,3,2,3,2/7,2/4,2,3,3,2,1/3
73,Gimmickry,IN,RE,,IN/RE,general,NULL,2/6,3/8,NULL,2/7,2/4,NULL,3/7,NULL,3/7,NULL,4,NULL,2/6,2/5,2/5,2/5,6,3/7,NULL,2/5,2/6,NULL,NULL,2/6,2/6,2/5,2/6,2/6,2/7,2/5,3/7,3/7,3/7,3,3/7,NULL,3/7,3,3,3,3,NULL,3/7,3/7,2/5,3,2/6,3/7,2/5,2/5,2/4,1/4,3,3/7,3,3/7,2/6,3
74,Grappling Hook,AG,,,AG,arms,NULL,1/5,2/6,NULL,2/6,1/3,NULL,2/4,NULL,2/6,NULL,2/5,NULL,1/5,2/4,1/3,1/4,6,2/5,NULL,2/5,2/6,NULL,NULL,2/4,2/5,1/3,2/6,2/6,2/5,2/5,3/6,2/6,2/5,3,2/5,NULL,2/6,3,3,3,3,NULL,3,2/4,2/5,2/6,3,3,3/8,3,3,3,3,3,3,2/6,3,3
75,Heraldry,ME,RE,,ME/RE,academic,NULL,2/5,3/5,NULL,1/4,2/6,NULL,3/5,NULL,1/5,NULL,2/4,NULL,2/5,1/3,2/5,2/6,6,3/6,NULL,1/2,2/5,NULL,NULL,2/6,2/5,2/5,1/3,1/3,1/4,2/5,2/4,3/5,2/4,3/5,3/6,NULL,2/4,2/5,3/8,3/5,2/5,NULL,2/4,2/6,1/2,3/5,3/5,2/5,3/6,3/5,3/5,2/6,2/5,2/4,2/5,3/7,1/3,1/4
76,Herb Lore,ME,RE,,ME/RE,academic,NULL,2/6,2/6,NULL,1/3,2/6,NULL,3/6,NULL,2/6,NULL,2/4,NULL,2/6,1/4,2/6,2/5,6,2/4,NULL,1/4,2/6,NULL,NULL,2/4,2/6,2/6,1/4,1/4,1/3,1/4,2/5,1/2,2/4,1/4,1/2,NULL,1/2,2/6,1/2,2/6,2/5,NULL,2/4,1/4,1/4,2/6,2/6,1/4,1/2,2/6,1/3,1/4,2/4,1/4,1/4,1/2,1/3,2/4
77,Herding,EM,PR,,EM/PR,outdoor,NULL,1/4,1/4,NULL,2/7,2/5,NULL,2/5,NULL,1/4,NULL,6,NULL,1/4,2/6,2/5,2/4,6,2/6,NULL,2/7,1/2,NULL,NULL,3/7,1/4,2,2/6,2/6,2/7,2/7,3/7,1/2,2/5,2/5,1/3,NULL,2/5,2/6,3/7,2/6,3/7,NULL,3/7,4,2/7,2/6,2/7,3/6,2/5,2/5,2/6,2/6,3/6,3/5,2/5,2/5,3/7,3/7
78,Hide Item,RE,IN,,RE/IN,subterfuge,NULL,1/3,2/5,NULL,1/5,1/3,NULL,1/4,NULL,2/5,NULL,2/4,NULL,1/3,2/6,1/3,1/4,6,2/4,NULL,2/7,2/5,NULL,NULL,2/7,1/3,1/3,3,3,1/5,2/7,3/6,3,5,5,3,NULL,6,3,6,5,5,NULL,6,2/6,2/7,6,6,2/5,6,5,6,2/5,3,2,5,4,6,6
79,Horticulture,RE,EM,,RE/EM,general,NULL,6,3/8,NULL,1/2,8,NULL,8,NULL,8,NULL,6,NULL,6,1/4,4,3,6,3,NULL,2/6,8,NULL,NULL,1/4,6,4,3,3,1/2,2/6,3/8,1/2,2/5,2/5,1/4,NULL,1/3,2/6,1/3,2/6,2/6,NULL,2/6,5,2/6,2/6,2/6,2/6,1/4,2/6,1/4,1/5,2/6,2/5,2/6,2/5,1/3,2/6
80,Hostile Environments,AG,SD,,AG/SD,outdoor,NULL,1/4,1/3,NULL,2/4,3/6,NULL,2/6,NULL,1/4,NULL,2/3,NULL,1/4,2/7,2/6,1/4,6,2/5,NULL,3/6,2/5,NULL,NULL,3/6,1/4,3/6,2/6,2/6,2/4,3/6,2/4,1/3,3,3,1/4,NULL,3,3,3,3,3,NULL,3,3,3/6,3,2/7,3,2/5,3,3,3,3/5,2/7,3,2/4,3,3
81,Hypnosis,PR,SD,,PR/SD,medical,NULL,4,6,NULL,4,5,NULL,4,NULL,4,NULL,2/5,NULL,4,2/3,3/6,4,6,4,NULL,2/5,4,NULL,NULL,4,4,2/6,4,3/6,3/6,2/5,3/5,NULL,3/6,1/4,3,NULL,3/6,1/4,2/5,2/4,1/5,NULL,3/6,2/6,2/5,2/5,3,1/2,3/6,2/4,3,3/6,2/5,2/5,2/4,2/6,2/4,2/5
82,Iai,QU,AG,,QU/AG,arms,NULL,3/8,3/6,NULL,2/7,2/6,NULL,2/5,NULL,2/7,NULL,1/5,NULL,3/8,10,1/3,1/4,2,2/6,NULL,3/5,2/6,NULL,NULL,2/4,3/5,18,2/5,2/5,2/6,3/5,3/6,9,9,15,9,NULL,20,15,7,15,6,NULL,20,20,3/5,18,20,20,15,18,15,18,2/5,20,15,20,15,6
83,Interrogation,RE,AG,,RE/AG,social,NULL,2/7,2/6,NULL,1/3,2/7,NULL,2/5,NULL,3/9,NULL,7,NULL,2/7,3/6,2/6,3/5,6,4,NULL,1/4,2/4,NULL,NULL,3,1/4,1/2,1/4,1/4,2/6,1/2,3/7,2/5,2/5,3,1/5,NULL,3/7,2/5,3,3,2/5,NULL,3/5,2/4,1/4,2/5,1/4,1/4,2/4,3,4,4,3/6,2/4,3,2/5,2/5,2/4
84,Juggling,AG,IN,,AG/IN,athletic,NULL,1/3,2/5,NULL,1/5,1/3,NULL,1/4,NULL,1/5,NULL,3/7,NULL,1/3,3,1/2,1/4,6,2/7,NULL,1/5,1/5,NULL,NULL,2/7,1/5,1/2,2/7,2/7,2/7,1/5,2/6,2/7,2/6,3,2/7,NULL,2/7,3,2/6,3,2/6,NULL,2/6,3,1/5,2/5,2/5,2/5,3/8,3,3,3,2/5,2/5,3,2/7,4,2/5
85,Jumping,ST,AG,,ST/AG,athletic,NULL,1/3,1/3,NULL,1/3,1/4,NULL,1/3,NULL,1/3,NULL,1/3,NULL,1/3,3,1/4,1/4,6,1/3,NULL,3/6,1/3,NULL,NULL,2/5,3/6,1/4,3/6,3/6,3/6,3/6,2/6,3,3,4,3,NULL,3,4,4,4,4,NULL,4,3/7,3/6,4,4,4,3,4,4,4,1/4,4,4,3,3,4
86,Lancing,ST,AG,,ST/AG,arms,NULL,3/6,3/6,NULL,2/6,3/6,NULL,6,NULL,2/6,NULL,3/6,NULL,3/6,20,3/6,5,2,3/6,NULL,3/6,3/6,NULL,NULL,3/6,3/6,18,3/6,3/6,3/6,3/6,3/6,20,20,18,20,NULL,20,18,8,18,8,NULL,20,20,3/6,18,20,20,20,18,18,18,12,20,18,20,20,15
87,Leadership,PR,RE,,PR/RE,social,NULL,2/5,2/5,NULL,3/6,2/6,NULL,2/7,NULL,2/5,NULL,1/4,NULL,2/5,2/6,2/6,2/6,6,2/6,NULL,1/4,2/4,NULL,NULL,2/6,1/4,2/6,1/3,1/3,2/6,1/4,2/5,2/5,2/5,2/5,2/5,NULL,2/5,2/4,2/5,2/4,2/5,NULL,2/6,2/4,1/4,2/6,2/5,1/4,3/6,2/4,2/4,2/4,2/6,1/5,2/4,1/4,2/6,2/5
88,Leather Working,AG,RE,,AG/RE,general,NULL,2/4,2/4,NULL,2/5,2/4,NULL,2/5,NULL,2/4,NULL,6,NULL,2/4,3,2/4,2/5,6,2/4,NULL,2/6,2/4,NULL,NULL,2/6,2/4,1/4,4,4,2/5,2/6,2/6,2/5,2/6,3,2/5,NULL,2/5,3,3,3,3,NULL,3,3/7,2/6,3,3,3,2/6,3,3,3,3/5,3,3,2/4,4,3
89,Lie Perception,IN,RE,,IN/RE,perception,NULL,2/5,3/5,NULL,2/6,1/4,NULL,2/5,NULL,3/5,NULL,2/5,NULL,2/5,2/4,1/5,1/2,6,3/5,NULL,1/2,3/5,NULL,NULL,2/4,2/5,1/5,1/3,1/3,3/5,1/2,2/5,1/4,1/4,2/4,1/4,NULL,1/3,1/4,1/4,2/5,2/4,NULL,2/4,2/6,1/2,2/4,3/6,1/4,1/4,2/5,3/5,3/5,1/3,1/3,2/5,1/3,2/4,2/4
90,Linguistics,NA,,,NA,linguistic,NULL,1/*,3/*,NULL,3/*,3/*,NULL,3/*,NULL,3/*,NULL,3/*,NULL,3/*,1/*,3/*,1/*,3,3/*,NULL,1/*,3/*,NULL,NULL,3/*,3/*,3/*,3/*,3/*,3/*,2/*,2/*,2/*,2/*,1/*,2/*,NULL,2/*,1/*,2/*,2/*,2/*,NULL,1/*,2/*,1/*,1/*,2/*,1/*,2/*,1/*,1/*,3/*,3/*,1/*,1/*,2/*,1/*,1/*
91,Lip Reading,IN,RE,,IN/RE,linguistic,NULL,2/5,3/7,NULL,2/6,3/5,NULL,2/5,NULL,2/5,NULL,3/5,NULL,2/5,2/5,3/5,2/4,6,3/5,NULL,1/4,3/7,NULL,NULL,2/4,2/5,3/5,2/5,2/5,2/6,2/6,2/5,2/4,2/4,3/5,2/4,NULL,2/4,1/3,3/6,2/4,2/4,NULL,1/3,2/6,1/4,2/4,2/4,1/4,2/4,2/4,3/5,3/5,3/5,1/3,2/4,2/4,2/6,1/4
92,Loading,EM,RE,,EM/RE,outdoor,NULL,1/5,1/3,NULL,2/7,2/6,NULL,3/6,NULL,1/4,NULL,2/6,NULL,1/5,3,2/6,1/2,6,2/6,NULL,2/7,1/4,NULL,NULL,2/7,1/5,3,2/6,2/6,2/7,2/7,2/4,2,2,3,2,NULL,2,3,3,3,3,NULL,3,4,2/7,3,3,3,3,4,3,3,3,3,3,3,4,3
93,Locate Secret Opening,IN,RE,,IN/RE,perception,NULL,1/4,2/6,NULL,1/4,1/2,NULL,2/4,NULL,2/5,NULL,1/4,NULL,1/4,2/4,1/3,1/4,6,1/4,NULL,1/5,2/5,NULL,NULL,2/5,1/4,1/3,2/4,2/4,1/4,1/5,2/6,3/5,3/6,3/6,3/5,NULL,3/6,3/6,3/7,3/6,3/6,NULL,3/6,2/6,1/5,3/6,3/6,2/5,3/6,3/6,2/5,2/5,2/5,1/4,3/6,3/6,3/5,1/4
94,Lock Lore,ME,RE,,ME/RE,academic,NULL,2/4,3/7,NULL,3/7,1/2,NULL,1/4,NULL,2/6,NULL,2/6,NULL,1/3,1/5,1/2,2/4,6,2/5,NULL,1/3,2/6,NULL,NULL,1/4,1/3,1/2,3/7,3/7,1/4,1/3,2/6,2/7,2/6,2/5,2/7,NULL,3/7,2/5,3/7,2/4,3/6,NULL,2/6,3/6,1/3,2/6,2/6,2/5,3/7,2/4,1/3,1/4,4,2/5,2/5,3/7,1/4,2/5
95,Magical Language,NA,,,NA,magical,NULL,9,8,NULL,9,9,NULL,8,NULL,9,NULL,6,NULL,9,3/*,8,7,9,6,NULL,4/*,6/*,NULL,NULL,4/*,4/*,4/*,4/*,4/*,4/*,4/*,4/*,2/*,2/*,2/*,2/*,NULL,2/*,2/*,3/*,1/*,3/*,NULL,1/*,1/*,4/*,2/*,1/*,1/*,1/*,1/*,1/*,4/*,4/*,1/*,1/*,1/*,1/*,1/*
96,Magical Ritual,RE,ME,,RE/ME,magical,NULL,7,11,NULL,8,7,NULL,8,NULL,8,NULL,8,NULL,7,6,7,7,8,7,NULL,4,4,NULL,NULL,3,4,4,5,5,4,4,3,1/4,1/4,1/2,1/4,NULL,1/4,1/4,2/6,1/4,2/6,NULL,2/5,2/3,4,2/4,2/4,2/5,2/5,1/4,1/4,4,4,2/5,1/4,1/3,3,2/6
97,Maneuvering in Soft Leather,AG,,,AG,arms,NULL,1/*,2/*,NULL,1/*,9,NULL,2/*,NULL,1/*,NULL,2/*,NULL,1/*,3/*,1/*,2/*,1,9,NULL,2/*,2/*,NULL,NULL,9,2/*,2/*,1/*,1/*,1/*,1/*,2/*,2/*,1/*,9,1/*,NULL,2/*,9,2/*,9,4/*,NULL,4/*,10,7,9,9,4/*,9,9,9,9/*,5/*,4/*,9,1/*,4/*,4/*
98,Maneuvering in Rigid Leather,AG,,,AG,arms,NULL,1/*,3/*,NULL,1/*,9,NULL,9,NULL,1/*,NULL,2/*,NULL,1/*,4/*,2/*,2/*,1,9,NULL,2/*,2/*,NULL,NULL,9,3/*,2/*,1/*,1/*,2/*,2/*,2/*,3/*,2/*,9,1/*,NULL,3/*,9,3/*,9,5/*,NULL,5/*,12,7,9,9,4/*,9,9,9,9/*,7/*,5/*,9,2/*,5/*,5/*
99,Maneuvering in Chain,AG,,,AG,arms,NULL,4/*,5/*,NULL,3/*,10,NULL,3/*,NULL,2/*,NULL,3/*,NULL,2/*,5/*,3/*,4/*,1,10,NULL,3/*,4/*,NULL,NULL,10,4/*,4/*,2/*,2/*,3/*,4/*,3/*,10,10,10,10,NULL,10,10,4/*,10,6/*,NULL,6/*,15,8,10,10,6/*,10,10,10,10,4/*,6/*,10,10,6/*,6/*
100,Maneuvering in Plate,AG,,,AG,arms,NULL,7/*,7/*,NULL,4/*,10,NULL,15,NULL,2/*,NULL,5/*,NULL,3/*,7/*,4/*,5,1,10,NULL,5/*,6/*,NULL,NULL,11,5/*,6/*,3/*,3/*,4/*,8,4/*,11,11,11,11,NULL,11,11,5/*,11,7/*,NULL,7/*,20,10,11,11,7/*,11,11,11,11,20,7/*,11,11,7/*,7/*
101,M.A. Strikes Rank1,ST,ST,AG,ST/ST/AG,arms,NULL,3/7,3/7,NULL,3/7,3/7,NULL,1/5,NULL,3/7,NULL,1/2,NULL,3/7,3,3/7,3/7,3,1/3,NULL,3,3/7,NULL,NULL,2/5,3,3/7,3/7,6,4,4,3/8,6,6,9,6,NULL,6,9,3,9,3,NULL,6,9,9,9,9,9,8,6,9,4,2/5,6,9,6,4,3
102,M.A. Strikes Rank2,ST,ST,AG,ST/ST/AG,arms,NULL,3/7,3/7,NULL,3/7,3/7,NULL,1/5,NULL,3/7,NULL,1/2,NULL,3/7,3,3/7,3/7,3,1/3,NULL,3,3/7,NULL,NULL,2/5,3,3/7,3/7,6,4,4,3/8,6,6,9,6,NULL,6,9,3,9,3,NULL,6,9,9,9,9,9,8,6,9,4,2/5,6,9,6,4,3
103,M.A. Strikes Rank3,ST,ST,AG,ST/ST/AG,arms,NULL,3/7,3/7,NULL,3/7,3/7,NULL,1/5,NULL,3/7,NULL,1/2,NULL,3/7,3,3/7,3/7,3,1/3,NULL,3,3/7,NULL,NULL,2/5,3,3/7,3/7,6,4,4,3/8,6,6,9,6,NULL,6,9,3,9,3,NULL,6,9,9,9,9,9,8,6,9,4,2/5,6,9,6,4,3
104,M.A. Strikes Rank4,ST,ST,AG,ST/ST/AG,arms,NULL,3/7,3/7,NULL,3/7,3/7,NULL,1/5,NULL,3/7,NULL,1/2,NULL,3/7,3,3/7,3/7,3,1/3,NULL,3,3/7,NULL,NULL,2/5,3,3/7,3/7,6,4,4,3/8,6,6,9,6,NULL,6,9,3,9,3,NULL,6,9,9,9,9,9,8,6,9,4,2/5,6,9,6,4,3
105,M.A. Sweeps Rank1,AG,AG,ST,AG/AG/ST,arms,NULL,3/7,3/7,NULL,3/7,3/7,NULL,1/5,NULL,3/7,NULL,1/2,NULL,3/7,3,3/7,3/7,3,1/3,NULL,3,3/7,NULL,NULL,2/5,3,3/7,3/7,6,4,4,3/8,6,6,9,6,NULL,6,9,3,9,3,NULL,6,9,9,9,9,9,8,6,9,4,2/5,6,9,6,4,3
106,M.A. Sweeps Rank2,AG,AG,ST,AG/AG/ST,arms,NULL,3/7,3/7,NULL,3/7,3/7,NULL,1/5,NULL,3/7,NULL,1/2,NULL,3/7,3,3/7,3/7,3,1/3,NULL,3,3/7,NULL,NULL,2/5,3,3/7,3/7,6,4,4,3/8,6,6,9,6,NULL,6,9,3,9,3,NULL,6,9,9,9,9,9,8,6,9,4,2/5,6,9,6,4,3
107,M.A. Sweeps Rank3,AG,AG,ST,AG/AG/ST,arms,NULL,3/7,3/7,NULL,3/7,3/7,NULL,1/5,NULL,3/7,NULL,1/2,NULL,3/7,3,3/7,3/7,3,1/3,NULL,3,3/7,NULL,NULL,2/5,3,3/7,3/7,6,4,4,3/8,6,6,9,6,NULL,6,9,3,9,3,NULL,6,9,9,9,9,9,8,6,9,4,2/5,6,9,6,4,3
108,M.A. Sweeps Rank4,AG,AG,ST,AG/AG/ST,arms,NULL,3/7,3/7,NULL,3/7,3/7,NULL,1/5,NULL,3/7,NULL,1/2,NULL,3/7,3,3/7,3/7,3,1/3,NULL,3,3/7,NULL,NULL,2/5,3,3/7,3/7,6,4,4,3/8,6,6,9,6,NULL,6,9,3,9,3,NULL,6,9,9,9,9,9,8,6,9,4,2/5,6,9,6,4,3
109,Mapping,RE,ME,,RE/ME,academic,NULL,6,7,NULL,2/6,5,NULL,4,NULL,7,NULL,5,NULL,6,1/4,5,2/4,7,5,NULL,3,6,NULL,NULL,3,6,5,3,3,2/6,3,2/6,2/6,4,5,2/6,NULL,5,4,5,3,4,NULL,2/5,1/4,3,4,4,4,4,3,2,2,3,3,2/4,4,2,2/4
110,Mechanition,RE,AG,,RE/AG,academic,NULL,3/6,3/7,NULL,3/6,1/4,NULL,3/9,NULL,3/6,NULL,2,NULL,2/5,2/4,1/4,2/5,6,2,NULL,2/4,2/5,NULL,NULL,2/5,2/5,1/4,3/5,3/5,3/7,2/4,2/6,3/7,2/6,2/6,3/8,NULL,3/7,2/6,3/9,2/6,2/6,NULL,2/4,3/8,2/4,2/6,2/6,3/9,3/8,2/6,1/2,1/4,4,2/6,1/4,3/8,2/5,2/6
111,Meditation: Cleansing,SD,EM,,SD/EM,concentration,NULL,2/4,3/5,NULL,1/4,3/6,NULL,3/6,NULL,3/8,NULL,2/5,NULL,3/7,2/4,3/6,4,6,2/5,NULL,2/6,3/6,NULL,NULL,1/2,3/7,3/6,2/4,1/2,1/4,2/6,1/4,2/4,1/2,2/4,2/4,NULL,1/2,2/4,1/2,2/4,1/3,NULL,2/4,1/4,2/6,2/4,2/4,2/4,1/4,1/2,2/4,1/4,1/3,2/4,2/4,1/3,1/4,1/2
112,Meditation: Death,SD,PR,,SD/PR,concentration,NULL,2/4,4,NULL,2/4,4,NULL,4,NULL,4,NULL,1/5,NULL,4,4,4,5,6,2/6,NULL,2/4,2/4,NULL,NULL,1/4,4,2/6,3/7,2/4,2/4,2/4,3/7,3/7,3/6,1/5,3/6,NULL,3/6,1/5,1/2,1/5,1/4,NULL,3/6,2/6,2/4,1/2,3/8,3/6,3/6,1/3,1/5,2/4,2/6,2/4,1/5,2/4,2/5,1/4
113,Meditation: Healing,SD,EM,,SD/EM,concentration,NULL,2/4,3/7,NULL,2/4,3/6,NULL,2/6,NULL,3/7,NULL,2/5,NULL,3/6,2/5,3/6,2/6,6,2/4,NULL,2/4,2/5,NULL,NULL,1/4,3/6,3/6,3/7,2/4,2/4,2/4,3/7,1/3,1/2,2/4,1/3,NULL,1/2,2/4,1/2,2/4,1/3,NULL,2/4,1/4,2/4,3/7,2/4,1/4,2/4,1/5,2/4,2/4,1/4,1/3,2/4,1/2,1/4,1/3
114,Meditation: Ki,SD,PR,,SD/PR,concentration,NULL,2/4,3/7,NULL,2/5,3/6,NULL,2/7,NULL,3/8,NULL,1/4,NULL,3/7,2/5,3/6,2/6,6,2/4,NULL,2/5,2/6,NULL,NULL,1/3,3/7,3/6,3/8,1/5,2/5,2/5,3/7,2/6,2/4,2/6,2/6,NULL,2/4,3/5,1/2,3/5,1/4,NULL,2/4,2/5,2/5,2/5,3/8,2/5,2/4,3/5,3/5,3/5,3/7,2/6,3/5,2/4,2/5,1/3
115,Meditation: Sleep,SD,IN,,SD/IN,concentration,NULL,2/4,3/7,NULL,2/4,3/6,NULL,3/7,NULL,3/7,NULL,2/5,NULL,3/6,1/4,3/6,2/6,6,2/4,NULL,2/4,2/7,NULL,NULL,1/5,3/6,3/6,3/7,2/4,2/4,2/4,2/6,1/4,1/4,1/4,1/4,NULL,1/2,1/4,1/2,1/4,1/2,NULL,2/5,1/4,2/4,1/4,2/4,1/2,2/5,1/5,1/4,2/4,3/6,1/3,1/4,1/2,1/3,1/2
116,Meditation: Trance,PR,SD,,PR/SD,concentration,NULL,2/4,3/7,NULL,2/4,3/6,NULL,3/9,NULL,3/7,NULL,2/5,NULL,3/6,2/4,3/6,2/6,6,2/4,NULL,2/4,3/7,NULL,NULL,1/5,3/6,3/6,3/7,2/4,2/4,2/4,3/6,2/4,2/4,1/4,2/4,NULL,1/3,1/3,1/3,1/3,1/2,NULL,2/4,1/4,2/4,2/4,2/4,1/3,2/4,1/5,1/4,2/4,3/6,1/3,1/3,1/2,1/3,1/3
117,Metal Evaluation,IN,RE,,IN/RE,general,NULL,3/6,3/6,NULL,2/5,1/2,NULL,1/4,NULL,3/6,NULL,2/5,NULL,2/5,1/4,1/3,1/2,6,3,NULL,2/4,3/6,NULL,NULL,3,2/5,1/3,2/5,2/5,2/5,2/4,2/6,2,2,2/5,2,NULL,2,2/5,2,2/5,2,NULL,2,1/4,2/4,2,2,2,2,2/5,1/2,1/2,4,3/6,2/5,2,2/5,2/5
118,Metal Lore,ME,RE,,ME/RE,academic,NULL,2/6,3/6,NULL,2/5,2/4,NULL,2/5,NULL,2/6,NULL,3,NULL,2/5,1/4,2/4,2/4,6,2,NULL,2/4,2/6,NULL,NULL,2/6,2/5,2/4,2/4,2/4,2/5,2/4,2/5,2/6,2/6,2/4,2/6,NULL,3/7,2/4,3/7,1/4,3/6,NULL,1/4,1/4,2/4,2/4,2/4,2/6,2/6,1/4,1/2,1/3,3,2/5,2/4,3/7,1/3,3/6
119,Midwifery,EM,ME,IN,EM/ME/IN,medical,NULL,4,4,NULL,4,4,NULL,4,NULL,4,NULL,4,NULL,4,2/4,4,4,6,4,NULL,4,4,NULL,NULL,4,4,4,4,2/5,2/6,4,4,3,3/6,4,2/6,NULL,1/3,4,1/3,4,4,NULL,4,4,4,7,6,4,3/8,4,4,4,2/6,4,4,1/3,4,4
120,Military Organization,PR,RE,,PR/RE,academic,NULL,1/4,2/4,NULL,2/5,1/4,NULL,3/6,NULL,1/3,NULL,1/4,NULL,1/4,1/4,1/4,3/6,6,1/5,NULL,2/5,2/5,NULL,NULL,2/5,1/4,2/5,1/4,1/4,2/5,2/5,1/5,3,3/6,3/6,3,NULL,4,3/6,4,3/6,3/6,NULL,3/6,2/4,2/5,3/6,3/6,2/4,4,3/6,3/6,2/5,3/6,3/6,3/6,2/6,1/3,3/6
121,Mimicry,IN,SD,,IN/SD,linguistic,NULL,1/5,2/5,NULL,2/6,2/5,NULL,2/5,NULL,2/5,NULL,2/5,NULL,1/5,3/5,2/5,1/4,6,2/5,NULL,1/5,2/5,NULL,NULL,2/6,1/5,2/5,2/5,2/5,2/6,2/6,2/6,1/5,2/7,2/4,1/5,NULL,2/7,1/3,2/6,2/6,2/6,NULL,2/7,3/7,1/5,2/4,2/7,1/4,2/7,2/6,2/6,2/6,2/6,1/4,2/6,2/7,3/6,1/5
122,Mimery,AG,SD,,AG/SD,subterfuge,NULL,1/3,2/6,NULL,2/6,2/5,NULL,2/5,NULL,2/6,NULL,2/5,NULL,1/3,2/5,2/5,1/4,6,2/5,NULL,1/5,2/6,NULL,NULL,2/6,1/3,2/5,3/6,3/6,2/6,1/5,2/6,2/7,2/7,3/6,2/7,NULL,2/7,1/3,2/6,3/6,2/6,NULL,2/7,3/6,1/5,2/7,2/7,2/5,2/7,3/6,3/6,3/6,2/7,1/2,3/6,2/7,3/6,2/6
123,Mining,RE,IN,,RE/IN,academic,NULL,2/4,2/6,NULL,2/6,1/4,NULL,4,NULL,2/6,NULL,6,NULL,2/4,2/4,1/4,2/6,6,2/5,NULL,2/6,2/6,NULL,NULL,2/6,2/4,3/6,3/6,3/6,2/6,2/6,3/6,2/7,2/7,3,2/7,NULL,2/7,3,3,3,3,NULL,3,1/4,2/6,2/5,3,4,2/7,3,3,3/6,5,3,3,2/7,2/4,1/2
124,Missile Artillery,IN,AG,,IN/AG,arms,NULL,1/4,2/4,NULL,1/3,1/4,NULL,2/5,NULL,1/3,NULL,1/4,NULL,1/4,2/5,1/4,3/6,1,1/5,NULL,2/5,2/5,NULL,NULL,2/5,2/5,2/5,1/4,1/4,2/5,2/5,2/5,3,3/6,3/6,3/7,NULL,4,3/6,4,3/6,3/6,NULL,2/7,3,2/5,3/6,2/7,3/7,4,3/6,3/6,2/5,3/7,2/7,3/6,4,3,3/7
125,Mnemonics,ME,SD,,ME/SD,concentration,NULL,2/7,3/8,NULL,2/5,2/5,NULL,2/5,NULL,3/7,NULL,1/4,NULL,2/7,1/4,2/6,1/4,6,2/4,NULL,1/3,3/7,NULL,NULL,2/4,2/7,2/6,2/6,2/6,2/5,1/5,2/5,2/4,2/4,1/4,2/4,NULL,2/4,1/4,1/4,1/4,1/3,NULL,2/4,1/4,1/3,1/4,2/4,1/4,2/5,1/4,1/4,1/4,2/6,1/4,1/4,1/4,1/2,1/2
126,Music,AG,EM,,AG/EM,linguistic,NULL,2/6,2/6,NULL,2/6,2/6,NULL,2/4,NULL,2/6,NULL,6,NULL,2/6,2/5,2/6,2/6,6,2/6,NULL,1/2,2/6,NULL,NULL,2/6,2/6,2/6,2/6,2/6,2/6,2/6,2/6,2/6,2/5,2/6,2/5,NULL,2/6,2/6,2/6,2/6,2/6,NULL,2/4,2/5,1/2,2/6,2/6,2/4,2/4,2/6,2/6,2/6,2/6,2/5,2/6,2/5,1/4,2/5
127,Navigation,RE,IN,,RE/IN,academic,NULL,2/5,2/6,NULL,1/4,2/6,NULL,2/6,NULL,2/6,NULL,6,NULL,2/5,2/5,2/6,1/4,6,2/6,NULL,2/6,2/5,NULL,NULL,2/6,2/5,2/6,2/5,2/5,1/4,2/6,2/6,1/5,2/4,2/6,1/4,NULL,2/4,2/6,2/6,2/6,2/6,NULL,1/3,3/7,2/6,2/6,2/6,2/5,2/5,2/6,2/6,2/6,2/4,2/6,2/6,1/4,1/4,1/2
128,Painting,IN,AG,,IN/AG,general,NULL,2/6,2/6,NULL,1/4,2/6,NULL,2/6,NULL,2/6,NULL,1/3,NULL,2/6,1/4,2/6,2/6,6,1/3,NULL,1/4,2/6,NULL,NULL,1/3,2/6,2/6,1/4,1/4,1/4,2/6,2/5,1/4,2/5,2/5,2/4,NULL,2/4,2/4,2/4,2/4,2/5,NULL,2/7,2/4,1/4,2/4,2/4,2/4,2/4,2/4,2/5,2/5,4,2/4,1/4,2/4,2/5,2/4
129,Phil./Relig. Doctrine,ME,RE,,ME/RE,academic,NULL,2,7,NULL,1/3,2,NULL,3,NULL,2,NULL,1/3,NULL,2,1/3,2,2,6,1/4,NULL,1/3,2,NULL,NULL,1/3,2,2,1/2,1/2,1/3,2/6,1/4,1/2,1/2,1/2,1/2,NULL,1/2,1/2,1/2,1/2,1/2,NULL,1/2,1/3,1/3,1/2,1/2,1/2,1/2,1/2,1/2,1/3,1/2,1/2,1/2,1/2,1/2,1/2
130,Physics,RE,ME,,RE/ME,academic,NULL,4/7,7,NULL,3/7,3/7,NULL,5,NULL,4/8,NULL,7,NULL,4/7,1/4,3/8,2/4,6,4/7,NULL,3/6,7,NULL,NULL,3/6,4/7,3/8,3/7,3/7,3/7,3/6,3/7,5,3/6,3/7,5,NULL,3/6,3/5,3/5,3/7,3/6,NULL,2/3,3/7,3/6,3/7,3/6,3/7,4/7,3/7,2/5,3/6,5,3/6,2/6,4/7,1/3,3/6
131,Picking Locks,IN,RE,AG,IN/RE/AG,subterfuge,NULL,2/5,4,NULL,3/6,1/3,NULL,1/4,NULL,3/9,NULL,6,NULL,2/6,3/7,1/3,3/6,6,3/9,NULL,4,2/5,NULL,NULL,4,2/6,2/7,4,7,4,3/6,5,8,8,8,8,NULL,8,8,8,8,8,NULL,7,4,8,7,7,7,8,7,4,1/5,6,7,8,8,8,7
132,Pick Pockets,AG,IN,,AG/IN,subterfuge,NULL,1/3,2/6,NULL,2/5,1/3,NULL,2/4,NULL,3/6,NULL,4,NULL,1/3,2/5,1/2,1/3,6,2/5,NULL,2/4,2/6,NULL,NULL,2/5,1/3,1/3,4,4,2/5,2/4,3/5,3,3,3,3,NULL,3,1/5,3,3,3,NULL,3,3,2/4,3,3,3,3,3,3,3,2/5,2/5,3,3,3,2/5
133,Planetology,RE,EM,,RE/EM,academic,NULL,6,5,NULL,5,6,NULL,6,NULL,6,NULL,6,NULL,6,1/4,6,6,6,6,NULL,5,5,NULL,NULL,5,6,5,5,5,5,5,3/7,2/7,4,4,2/7,NULL,4,4,4,4,4,NULL,3,4,5,4,4,5,4,4,4,4,6,4,4,4,1/4,4
134,Play Instruments: Category 1,AG,ME,,AG/ME,general,NULL,2/6,2/6,NULL,2/6,2/6,NULL,1/4,NULL,2/6,NULL,2/4,NULL,2/6,2/4,2/6,1/4,6,2/6,NULL,1/2,2/6,NULL,NULL,2/6,2/6,2/6,2/6,2/6,2/6,3/6,2/6,2/6,2/5,2/6,2/6,NULL,2/6,2/6,2/6,2/6,2/6,NULL,2/4,2/5,1/2,2/6,2/6,2/6,2/5,2/6,2/6,2/6,2/6,2/5,2/6,2/4,3/6,2/5
135,Poetic Improvisation,IN,RE,,IN/RE,linguistic,NULL,2/5,2/6,NULL,2/6,2/5,NULL,1/4,NULL,2/6,NULL,2/6,NULL,2/5,1/3,2/5,1/4,6,2/6,NULL,1/2,2/6,NULL,NULL,2/6,2/5,2/5,2/6,2/6,2/6,3/6,2/6,2/6,2/5,1/5,2/5,NULL,2/6,2/5,2/5,2/6,2/5,NULL,2/4,2/5,1/2,2/6,2/6,1/5,1/4,2/6,2/6,2/6,1/4,2/5,2/6,1/5,1/2,2/4
136,Poison Lore,ME,RE,,ME/RE,academic,NULL,1/2,2/4,NULL,1/3,1/4,NULL,1/4,NULL,1/4,NULL,3/6,NULL,1/4,1/4,1/3,1/4,6,2/5,NULL,1/4,1/4,NULL,NULL,2/4,1/4,1/3,2/4,2/4,1/3,3/6,2/5,1/3,2/5,2/6,1/3,NULL,1/2,2/6,1/2,2/6,2/6,NULL,2/6,1/4,1/4,1/3,1/3,1/3,1/2,2/6,1/3,1/4,1/4,1/4,2/6,1/2,1/3,2/5
137,Poison Perception,IN,RE,,IN/RE,perception,NULL,1/4,2/6,NULL,1/5,1/3,NULL,1/4,NULL,2/5,NULL,1/4,NULL,1/4,2/6,1/3,1/3,6,1/4,NULL,2,2/5,NULL,NULL,1/4,1/4,1/3,1/4,1/4,3,1/5,2/6,1/4,2/5,3,1/4,NULL,1/3,2,1/4,3,3,NULL,3,3/7,2,1/5,1/4,1/4,1/4,3,1/4,2/4,3,2,3,1/4,3/6,2
138,Pole Vaulting,ST,AG,,ST/AG,athletic,NULL,1/4,2/5,NULL,2/5,1/3,NULL,1/4,NULL,2/5,NULL,1/4,NULL,1/4,5,1/3,2/5,6,1/4,NULL,3/6,2/5,NULL,NULL,2/5,3/6,1/36,3/6,3/6,2/6,3/6,3/7,4,4,5,4,NULL,4,5,5,5,5,NULL,5,4,3/6,5,5,6,4,5,5,5,2/5,5,5,4,6,5
139,Power Perception,IN,RE,,IN/RE,magical,NULL,6,7,NULL,6,5,NULL,5,NULL,6,NULL,3/7,NULL,5,3/6,4,10,6,3/7,NULL,2/5,2/5,NULL,NULL,2/5,2/5,2/5,2/5,2/5,2/5,2/5,3/6,1/3,1/3,1/3,1/3,NULL,1/3,1/3,1/3,1/3,1/3,NULL,1/4,1/4,2/5,1/4,1/4,1/3,1/3,1/2,1/3,2/5,2/5,1/4,1/3,1/3,1/4,1/3
140,Power Projection,,,,NA,magical,NULL,12,15,NULL,12,10,NULL,10,NULL,12,NULL,6,NULL,10,8,9,8,12,6,NULL,3/6,12,NULL,NULL,2/5,3/6,9,2/6,2/6,3/6,3/6,3/6,1/4,1/4,2/4,1/4,NULL,1/4,2/4,2/4,2/4,2/4,NULL,1/5,2/6,3/6,2/5,2/5,2/5,1/4,2/4,2/4,2/4,2/5,2/5,2/4,1/3,2/5,2/4
141,Propaganda,IN,EM,,IN/EM,linguistic,NULL,2/4,4,NULL,3/6,2/4,NULL,2/6,NULL,3/6,NULL,6,NULL,2/4,2/3,2/4,1/2,6,3/5,NULL,1/5,3/6,NULL,NULL,3/6,2/4,3/5,3/6,3/6,3/6,2/6,3/5,2/6,2/6,3/6,2/6,NULL,2/6,2/4,3/6,3/5,3/5,NULL,3/6,2/5,1/5,3/6,3/6,1/5,1/4,3/6,3/5,3/6,3/6,3/6,3/6,1/4,1/4,3/5
142,Public Speaking,EM,PR,,EM/PR,linguistic,NULL,2/6,2/6,NULL,2/6,2/6,NULL,2/4,NULL,2/6,NULL,6,NULL,2/6,2/5,2/6,2/6,6,2/6,NULL,1/2,2/6,NULL,NULL,2/6,2/6,2/6,1/4,1/4,2/6,2/6,2/6,2/6,2/5,2/6,2/4,NULL,2/6,2/5,2/5,2/6,2/5,NULL,2/5,2/4,1/2,2/5,1/3,1/4,3/7,2/6,2/6,2/6,2/6,2/4,2/6,1/4,1/4,2/4
143,Racial History,ME,RE,,ME/RE,academic,NULL,3,7,NULL,2/4,3,NULL,4,NULL,3,NULL,2/6,NULL,3,1/3,3,3,6,2/6,NULL,1/2,3,NULL,NULL,2/4,3,3,3,3,2/4,2/6,2/6,1/4,1/4,1/4,1/4,NULL,1/4,1/4,1/4,1/4,1/4,NULL,1/4,2/5,1/2,1/4,1/4,1/4,1/4,1/4,1/4,1/5,2/5,1/4,1/4,1/4,1/2,1/4
144,Rappling,AG,,,AG,athletic,NULL,1/3,3/7,NULL,3/7,2/5,NULL,2/5,NULL,3/7,NULL,2/6,NULL,3/7,7,2/5,3/7,6,3/7,NULL,3/9,3/7,NULL,NULL,3/7,3/9,2/5,3/7,3/7,3/9,3/9,3/8,4,5,6,4,NULL,6,7,6,6,5,NULL,7,3/7,3/9,7,7,4,8,6,7,7,3/7,7,7,6,8,4
145,Read Tracks,IN,RE,,IN/RE,perception,NULL,1/4,1/4,NULL,1/3,3/6,NULL,3/6,NULL,2/5,NULL,2/6,NULL,1/4,1/4,1/4,2/5,6,2/5,NULL,2/4,1/2,NULL,NULL,2/5,1/4,1/4,2/4,2/4,1/3,1/3,2/6,1/4,2/5,2/6,1/4,NULL,2/7,3/6,3/9,3/6,3/8,NULL,2/4,3/7,2/4,3/8,3/7,2/6,3/5,3,3/7,3,3/6,2/4,2/6,2/4,1/3,1/4
146,Region Lore,RE,ME,,RE/ME,outdoor,NULL,2/5,2/6,NULL,1/3,2/6,NULL,2/6,NULL,2/6,NULL,2/6,NULL,2/5,1/4,2/6,2/5,6,2/6,NULL,2/6,1/3,NULL,NULL,2/6,2/5,2/6,2/6,2/6,1/3,2/6,2/6,1/5,2/5,2/6,1/5,NULL,2/5,2/7,2/5,2/6,2/6,NULL,2/6,2/4,2/6,2/6,2/6,2/5,2/5,2/6,2/5,2/5,2/6,2/6,2/6,2/5,1/2,1/4
147,Reverse Stroke,AG,RE,,AG/RE,arms,NULL,3/8,3/8,NULL,2/7,3/5,NULL,3/7,NULL,2/7,NULL,2/4,NULL,3/8,20,4,4,2,2/6,NULL,5,3/7,NULL,NULL,3/7,5,4,3/7,3/7,3/7,5,3/8,20,20,20,15,NULL,20,20,20,20,20,NULL,20,20,5,20,20,20,20,20,20,20,3/9,20,20,20,20,20
148,Rope Mastery,ME,AG,,ME/AG,general,NULL,1/5,2/6,NULL,1/3,1/3,NULL,2/4,NULL,2/6,NULL,2/5,NULL,1/5,3,1/3,1/4,6,2/5,NULL,2/5,2/6,NULL,NULL,2/4,1/5,1/3,2/6,2/6,2/6,2/5,3/5,2/6,2/5,3,2/5,NULL,2/6,3,3,3,3,NULL,3,3,2/5,2/6,3,3,2/7,3,3,3,2/6,3,3,2/6,3,3
149,Rowing,ST,SD,,ST/SD,athletic,NULL,2/5,1/4,NULL,1/4,1/4,NULL,3/7,NULL,1/4,NULL,6,NULL,1/3,3,1/4,1/4,6,1/4,NULL,2/5,1/3,NULL,NULL,1/5,2/5,1/4,2/4,2/4,2/4,2/5,2/5,2/5,2/5,3,2/7,NULL,2/6,3,3,3,3,NULL,3,4,2/5,3,3,3,3,3,3,3,3/9,3,3,2/4,5,3
150,Runes,EM,IN,,EM/IN,magical,NULL,7,8,NULL,8,6,NULL,6,NULL,7,NULL,7,NULL,6,3/9,6,5,25,6,NULL,5,5,NULL,NULL,4,5,6,7,7,5,4,3/6,2/6,2/5,1/4,2/6,NULL,2/6,1/4,2/6,1/4,2/5,NULL,2/6,2/6,1/2,2/5,2/5,2/5,2/5,1/4,1/3,4,8,2/5,1/2/,2/5,1/4,2/6
151,Sailing,AG,IN,,AG/IN,athletic,NULL,2/6,2/6,NULL,2/6,2/6,NULL,3/7,NULL,2/6,NULL,6,NULL,2/6,3,2/6,2/6,6,2/6,NULL,2/6,2/6,NULL,NULL,2/4,2/6,2/6,2/5,2/5,2/5,2/6,3/7,2/5,2/4,3,2/7,NULL,2/5,3,3,3,3,NULL,3,3/7,2/6,3,3,3,3,3,3,3,3/7,3,3,2/4,3,3
152,Sanity Healing Lore,ME,EM,,ME/EM,academic,NULL,6,10,NULL,2/5,7,NULL,7,NULL,8,NULL,3,NULL,6,2/5,7,7,8,3,NULL,3/6,8,NULL,NULL,2/5,6,7,1/5,1/5,2/5,3/6,47,1/4,2/5,2,1/4,NULL,1/2,2/5,1/2,2,1/3,NULL,2/5,3/5,3/6,2/5,2,1/3,1/5,4,2,2,2,1/3,2,1/3,1/3,1/4
153,Sculpting,IN,AG,,IN/AG,general,NULL,2/7,2/6,NULL,2/5,2/7,NULL,3/6,NULL,2/7,NULL,2/4,NULL,2/7,2/7,2/7,2/7,6,2/5,NULL,2/6,2/6,NULL,NULL,2/5,2/7,2/7,2/7,2/7,2/5,2/6,2/7,2/5,2/7,2/7,2/7,NULL,2/7,2/4,2/6,2/4,2/7,NULL,3/7,2/4,2/6,2/5,2/7,2/6,2/7,2/5,1/4,2/4,4,2/7,2/5,2/7,3/8,2/6
154,Scrounge,IN,RE,,IN/RE,outdoor,NULL,1/3,2/6,NULL,1/5,1/4,NULL,1/3,NULL,2/6,NULL,3/7,NULL,1/3,2/5,1/4,1/4,6,2/5,NULL,2/6,2/6,NULL,NULL,2/6,1/3,1/4,2/6,2/6,2/6,2/6,2/6,1/5,2/5,2/6,1/5,NULL,2/5,2/7,2/5,2/6,2/6,NULL,2/6,2/6,2/6,2/6,2/6,2/5,2/5,2/6,2/5,2/6,2/6,2/6,2/6,2/5,2/5,1/4
155,Second Aid,SD,EM,IN,SD/EM/IN,medical,NULL,3/7,3/7,NULL,3/7,3/7,NULL,3/7,NULL,3/7,NULL,3/7,NULL,3/7,2/4,3/7,3/7,6,3/7,NULL,3/7,3/7,NULL,NULL,3/7,3/7,3/7,2/5,2/5,2/5,3/7,3/7,2/5,2/6,3/7,2/6,NULL,1/5,3/7,1/5,3/7,3/7,NULL,3/7,2/6,3/7,5,4,3/7,3/6,3/7,3/6,3/6,2/5,3/7,3/7,1/5,2/5,2/5
156,Seduction,EM,PR,,EM/PR,social,NULL,2/5,2/5,NULL,2/6,2/6,NULL,1/2,NULL,2/6,NULL,3/6,NULL,2/5,2/6,2/6,2/5,6,2/6,NULL,1/4,2/6,NULL,NULL,2/6,1/4,2/6,2/6,2/6,2/6,1/4,2/5,2/6,2/6,2/5,2/6,NULL,2/6,2/5,2/6,2/5,2/6,NULL,2/6,2/6,1/4,2/6,2/5,1/3,1/4,2/5,2/5,2/5,2/5,1/3,2/5,2/6,2/6,2/4
157,Siege Engineer,RE,IN,,RE/IN,academic,NULL,1/4,3/6,NULL,1/4,2/6,NULL,2/6,NULL,1/2,NULL,3/6,NULL,1/4,1/4,2/6,2/5,6,2/6,NULL,2/4,1/3,NULL,NULL,2/4,1/4,1/3,1/3,1/3,1/4,2/4,1/4,2/5,2/5,1/4,2/5,NULL,2/5,1/4,2/5,2/4,2/4,NULL,2/5,2/4,2/4,1/4,2/4,1/3,2/6,2/4,2/4,1/5,2/6,2/4,2/4,1/6,1/3,2/5
158,Sense Ambush/Assassin,IN,RE,,IN/RE,perception,NULL,1/4,1/4,NULL,1/3,1/3,NULL,2/5,NULL,1/4,NULL,1/4,NULL,1/4,2/5,1/3,1/4,6,1/4,NULL,1/4,1/3,NULL,NULL,1/4,1/4,1/3,1/4,1/4,1/3,1/4,2/5,3,3,3,3,NULL,3,2,3,3,3,NULL,2,3/5,1/4,3,3,2/5,3,3,3,3,1/5,2,3,3,3/6,1/3
159,Sense Reality Warp,IN,EM,,IN/EM,perception,NULL,5,9,NULL,3/6,5,NULL,5,NULL,6,NULL,2/5,NULL,5,3/8,4,6,6,3,NULL,3/6,3/6,NULL,NULL,3/6,5,3/6,3/6,3/6,3/6,3/6,3/8,2/5,1/3,1/3,2/5,NULL,3/6,1/2,3/7,1/3,2/5,NULL,3/7,2/4,3/6,2/5,1/4,1/4,1/4,1/2,1/4,3/6,3/6,1/3,1/4,1/5,1/3,1/2
160,Set Traps,RE,AG,,RE/AG,subterfuge,NULL,2/5,2/5,NULL,1/2,1/3,NULL,2/6,NULL,3/8,NULL,3/7,NULL,2/5,3/6,1/3,2/5,6,3/9,NULL,4,2/4,NULL,NULL,4,2/5,1/3,7,7,4,4,4,8,7,2/5,8,NULL,8,8,8,7,7,NULL,7,6,4,7,7,6,7,7,4,2/4,6,7,2/5,7,7,7
161,Signaling,ME,SD,,ME/SD,linguistic,NULL,1/4,1/4,NULL,1/5,1/3,NULL,2/4,NULL,1/4,NULL,6,NULL,1/4,1/5,1/3,1/4,6,1/4,NULL,1/5,1/4,NULL,NULL,2/6,1/4,1/3,1/5,1/5,1/5,2/6,1/4,2/5,2/5,1/4,2/4,NULL,2/6,2/4,2/6,1/5,2/6,NULL,1/4,2/6,1/5,2/6,2/6,2/5,2/5,1/5,1/5,1/5,2/5,1/3,1/4,2/6,2/5,2/6
162,Singing,PR,IN,,PR/IN,linguistic,NULL,2/6,2/6,NULL,2/6,2/6,NULL,1/4,NULL,2/6,NULL,6,NULL,2/6,2/5,2/6,2/6,6,2/6,NULL,1/2,2/6,NULL,NULL,2/6,2/6,2/6,2/6,2/6,2/6,2/6,2/6,2/6,2/5,2/6,2/6,NULL,2/6,2/6,2/6,2/6,2/6,NULL,2/4,2/4,1/2,2/6,2/6,2/4,2/4,2/6,2/6,2/6,2/5,2/5,2/6,2/6,1/5,2/5
163,Silent Kill,AG,IN,,AG/IN,deadly,NULL,1/4,2/5,NULL,2/6,1/3,NULL,3/8,NULL,2/6,NULL,1/4,NULL,1/4,5,1/3,6,6,1/5,NULL,5,2/6,NULL,NULL,3,1/4,1/3,3/7,3/7,4,5,4,3/6,3/6,5,3/6,NULL,3/6,4,1/3,6,6,NULL,6,9,5,5,6,2/6,3/6,6,6,6,5,3/5,6,3/6,6,5
164,Skating,AG,SD,,AG/SD,athletic,NULL,2/6,2/5,NULL,2/7,2/6,NULL,1/2,NULL,2/7,NULL,6,NULL,2/6,3,2/6,2/5,6,2/5,NULL,2/7,2/6,NULL,NULL,2/6,2/7,2/6,2/6,2/6,2/6,2/7,2/6,2/7,2/6,3,2/7,NULL,2/7,3,3/5,3,3/5,NULL,3/7,2/6,2/7,3/7,3/7,3/7,3,3,3,3,1/3,3/7,3,2/5,3,3/5
165,Skiing,AG,SD,,AG/SD,athletic,NULL,2/6,2/5,NULL,2/7,2/6,NULL,1/4,NULL,2/7,NULL,6,NULL,2/6,3,2/6,2/5,6,2/5,NULL,2/7,2/6,NULL,NULL,2/6,2/7,2/6,2/7,2/7,2/6,2/7,2/6,2/7,2/6,3,2/7,NULL,2/7,3,3/5,3,3/5,NULL,3/7,2/6,2/7,3/7,3/7,3/7,3/7,3,3,3,1/4,3/7,3,2/5,5,3/5
166,Skinning,AG,IN,,AG/IN,general,NULL,1/5,1/4,NULL,1/3,3/6,NULL,3/7,NULL,2/6,NULL,3/6,NULL,1/5,4,1/3,1/3,6,2/5,NULL,2/5,1/4,NULL,NULL,2/6,1/5,3,2/6,2/6,1/3,2/5,3/7,1/3,2/5,3,1/4,NULL,2/6,3,2/5,3,2/5,NULL,2/5,6,2/5,1/4,1/2,4,2/5,3,3,3,4,3/4,3,1/5,5,2/4
167,Smithing,ST,AG,,ST/AG,general,NULL,2/7,3/5,NULL,2/7,2/6,NULL,3/7,NULL,3/5,NULL,6,NULL,2/7,4,2/6,3/6,6,3/5,NULL,3/5,3/5,NULL,NULL,2/6,2/7,2/6,3/5,3/5,2/7,3/5,3/7,3,3,3,3,NULL,3,3,3,3,3,NULL,3,2/4,3/5,3,3,4,3,3,1/2,1/2,4,3,3,3,5,3
168,Spacial Locate Awareness,IN,,,IN,concentration,NULL,5,4,NULL,1/4,3/8,NULL,6,NULL,6,NULL,1/4,NULL,5,2/6,3/8,6,6,1/4,NULL,2/5,6,NULL,NULL,1/3,5,3/8,1/4,1/4,1/4,2/5,2/5,2/5,2/5,2/5,2/5,NULL,2/5,2/5,1/4,2/5,1/4,NULL,2/5,1/3,2/5,2/5,2/5,1/4,2/5,1/4,3/6,3/6,3/7,1/3,2/5,2/5,1/5,1/2
169,Spell List,,,,,magical,NULL,15,25,NULL,15,10,NULL,10,NULL,20,NULL,20,NULL,8,4,10,7,25,10,NULL,4/*,4/*,NULL,NULL,4/*,4/*,4/*,4/*,4/*,4/*,4/*,4/*,1/*,1/*,1/*,1/*,NULL,1/*,1/*,1/*,1/*,1/*,NULL,1/*,1/*,1/*,1/*,1/*,1/*,1/*,2/*,1/*,4/*,4/*,1/*,1/*,1/*,1/*,1/*
170,Spell Mastery,,,,,magical,NULL,6,6,NULL,6,6,NULL,6,NULL,6,NULL,6,NULL,5,4,6,5,6,5,NULL,3/5,3/5,NULL,NULL,3/5,3/5,3/5,3/5,3/5,3/5,3/5,3/5,2/4,2/4,2/5,2/4,NULL,2/4,2/5,2/5,2/5,2/5,NULL,2/5,2/4,3/5,2/5,2/5,2/5,2/4,2/4,2/5,3/5,3/5,2/5,2/5,2/4,1/4,2/5
171,Sprinting,QU,,,QU,athletic,NULL,2/5,2/4,NULL,2/4,1/3,NULL,1/4,NULL,2/4,NULL,1/5,NULL,2/5,3,1/3,2/5,6,1/5,NULL,2/6,2/5,NULL,NULL,2/6,2/6,1/3,2/5,2/5,2/6,2/6,2/7,3,3,3,3,NULL,3,3,3,3,3,NULL,3,4,2/6,3,3,3,3,3,3,3,1/3,3,3,3,3,3
172,Stalk & Hide,AG,SD,,AG/SD,subterfuge,NULL,1/3,1/5,NULL,1/4,1/3,NULL,1/4,NULL,2/5,NULL,1/5,NULL,1/3,3,1/3,2/5,6,2/4,NULL,2/7,1/4,NULL,NULL,2/7,2/5,1/3,4,5,1/5,2/5,2/7,3,5,5,3,NULL,6,3,6,5,5,NULL,6,5,6,6,6,3,5,5,6,2/7,3,2,5,3,5,6
173,Star-Gazing,ME,IN,,ME/IN,academic,NULL,2/6,2/6,NULL,2/4,2/6,NULL,3/9,NULL,2/6,NULL,6,NULL,2/6,1/4,2/6,1/4,6,2/5,NULL,2/5,2/6,NULL,NULL,2/5,2/6,2/6,2/5,2/5,2/4,2/5,2/6,1/3,1/3,1/4,1/2,NULL,1/4,2/6,2/6,2/6,2/6,NULL,1/2,2/6,2/5,2/5,1/3,1/4,1/2,2/6,2/6,2/4,2/5,1/4,2/6,1/2,1/3,1/3
174,Stilt Walking,ST,AG,,ST/AG,athletic,NULL,1/4,2/6,NULL,2/5,1/3,NULL,1/3,NULL,2/5,NULL,2/6,NULL,1/4,3,1/3,2/5,6,1/3,NULL,3/6,2/5,NULL,NULL,2/5,3/6,1/3,3/6,3/6,3/6,3/6,3/8,3,3,4,3,NULL,3,4,4,4,4,NULL,4,4,3/6,4,4,4,3,4,4,4,2/5,4,4,3,4,4
175,Stone Crafts,SD,AG,,SD/AG,general,NULL,3/7,2/7,NULL,2/6,3/7,NULL,4,NULL,2/7,NULL,6,NULL,3/7,4,3/7,3/8,6,3/5,NULL,2/7,2/6,NULL,NULL,2/7,3/7,3/5,3/5,3/5,2/6,2/7,3,3,3,3,3,NULL,3,3,3,3,3,NULL,3,2/4,2/7,3,3,3,3,3,1/2,2/4,4,3,3,3,5,3
176,Stone Evaluation,IN,RE,,IN/RE,general,NULL,2/5,3/6,NULL,2/5,1/2,NULL,1/4,NULL,3/6,NULL,2/5,NULL,2/5,1/4,1/3,1/2,6,3,NULL,2/4,3/6,NULL,NULL,3,2/5,1/3,2/5,2/5,2/5,2/4,2/6,2/5,2/5,2/4,2/3,NULL,2,2/4,2,2/4,2/5,NULL,1/5,1/4,2/4,3,2/5,2,2/4,2/4,1/2,1/2,4,3/6,2/4,2/4,2/5,2/5
177,Stone Lore,ME,RE,,ME/RE,academic,NULL,2/5,3/7,NULL,2/5,2/4,NULL,2/5,NULL,2/6,NULL,3,NULL,2/5,1/4,2/4,2/4,6,2,NULL,2/4,2/5,NULL,NULL,2/6,2/5,2/4,2/4,2/4,2/5,2/4,2/4,2/5,2/6,2/4,2/5,NULL,3/7,2/4,3/7,1/4,3/6,NULL,1/4,1/4,2/4,2/4,2/4,2/6,2/6,1/4,1/2,1/3,2/5,2/5,2/4,2/5,1/3,3/6
178,Streetwise,PR,IN,,PR/IN,outdoor,NULL,1/3,3/8,NULL,1/4,1/2,NULL,1/4,NULL,2/6,NULL,2/5,NULL,1/3,1/4,1/2,1/4,6,2/4,NULL,1/4,3/6,NULL,NULL,3/7,1/3,1/3,4,4,3/8,1/3,2/5,3/7,2/6,2/7,3/7,NULL,2/7,3/6,4,3,2/5,NULL,2/3,3/7,1/4,2/5,1/4,2/3,1/4,3/6,2/7,2/4,1/4,1/3,3,2/4,2/4,1/4
179,Stunned Maneuvering,SD,,,SD,arms,NULL,2/7,2/5,NULL,2/6,2/6,NULL,2/5,NULL,2/6,NULL,1/2,NULL,2/6,3,2/6,3,2,1/3,NULL,2/7,2/5,NULL,NULL,2/4,2/7,1/4,2/5,2/5,2/7,2/7,2/5,4,4,5,3,NULL,4,5,3,5,3,NULL,4,3,2/7,5,4,3,4,5,4,4,2/5,4,5,4,3,3
180,Subduing,AG,QU,,AG/QU,arms,NULL,15,2/5,NULL,1/4,1/4,NULL,2/5,NULL,2/5,NULL,2/5,NULL,15,6,1/4,3,2,1/2,NULL,5,2/5,NULL,NULL,3,5,1/4,3/6,3/6,4,1/5,3/7,3/6,3/6,6,2/5,NULL,3/6,4,1/3,6,6,NULL,6,9,5,6,6,3,3/6,6,6,6,3/6,3/5,6,3/6,7,5
181,Surfing,AG,SD,,AG/SD,athletic,NULL,2/6,2/5,NULL,2/7,2/6,NULL,1/3,NULL,2/7,NULL,6,NULL,2/6,3,2/6,2/5,6,2/5,NULL,2/7,2/6,NULL,NULL,2/6,2/7,2/6,2/6,2/6,2/6,2/7,2/6,2/7,2/6,3,2/7,NULL,2/7,3,3/5,3,3/5,NULL,3/7,5,2/7,3/7,3/7,3/7,3,3,3,3,1/4,3/7,3,2/5,3,3/5
182,Surgery,SD,EM,IN,SD/EM/IN,medical,NULL,7,8,NULL,7,6,NULL,6,NULL,7,NULL,5,NULL,7,3/6,6,7,7,4,NULL,6,7,NULL,NULL,5,7,6,7,3,3/6,6,6,3/7,4,6,3/7,NULL,2/5,6,2/4,6,6,NULL,6,5,6,5,8,6,6,6,5,5,3/6,6,6,4,5,5
183,Surveillance,IN,SD,,IN/SD,perception,NULL,1/4,3/6,NULL,1/3,1/4,NULL,2/3,NULL,2/5,NULL,3/6,NULL,1/4,2/3,1/2,1/4,6,2/5,NULL,2/5,3/6,NULL,NULL,2/6,1/4,1/2,2/6,2/6,2/6,1/2,2/5,2/5,2/6,2/6,3/6,NULL,3/6,2/5,2/7,2/6,2/6,NULL,3/7,2/4,2/5,2/5,2/6,2/3,2/6,2/6,2/6,2/5,2/6,1/3,2/6,1/5,2/4,1/5
184,Swimming,AG,,,AG,athletic,NULL,2/5,1/3,NULL,2/6,2/6,NULL,2/5,NULL,2/6,NULL,2/5,NULL,2/5,3,1/3,2/5,5,1/5,NULL,2/6,2/5,NULL,NULL,2/6,2/5,3,3,3,2/6,2/6,2/6,3,3,3,3,NULL,3,3,3,3,3,NULL,3,3,3,3,3,3,3,3,3,2/6,1/5,3,3,3,3,3
185,Symbol Lore,ME,RE,,ME/RE,magical,NULL,4,7,NULL,5,4,NULL,4,NULL,5,NULL,5,NULL,4,3/6,3,4,6,3,NULL,2/4,7,NULL,NULL,2/5,2/4,6,3/6,3/6,3/6,2/4,2/7,2/4,1/4,1/4,2/4,NULL,2/4,1/4,2/4,1/4,1/4,NULL,2/5,2/4,2/4,2/5,2/5,1/4,1/4,1/4,1/4,1/4,3/6,1/4,1/3,1/3,1/4,1/4
186,Tactical Games,RE,ME,,RE/ME,general,NULL,2/4,2/4,NULL,2/4,2/4,NULL,2/4,NULL,2/4,NULL,2/4,NULL,2/4,1/4,2/4,2/4,6,2/4,NULL,2/4,2/5,NULL,NULL,1/4,2/4,1/4,1/4,1/4,2/4,2/4,2/4,2/4,2/4,1/5,2/4,NULL,2/4,1/4,2/4,1/4,2/4,NULL,2/4,2/4,2/4,2/6,1/4,1/4,2/4,1/2,1/4,1/4,2/4,1/4,1/5,2/4,1/3,2/4
187,Tactics,IN,RE,,IN/RE,academic,NULL,2/5,1/2,NULL,1/4,1/3,NULL,2/7,NULL,1/2,NULL,1/4,NULL,1/3,1/4,1/3,2/5,6,1/4,NULL,2/4,1/3,NULL,NULL,2/4,1/3,1/3,1/3,1/3,1/4,2/4,1/4,2/5,2/5,1/4,2/5,NULL,2/5,1/4,2/5,2/4,2/4,NULL,2/5,2/4,2/4,1/4,2/4,2/4,2/6,2/4,2/4,1/5,2/6,2/4,2/4,1/6,1/4,2/5
188,Tale Telling,PR,ME,,PR/ME,linguistic,NULL,2/5,2/6,NULL,2/6,2/5,NULL,1/4,NULL,2/6,NULL,2/6,NULL,2/5,2/5,2/5,1/4,6,2/6,NULL,1/3,2/6,NULL,NULL,2/6,2/5,2/5,2/6,2/6,2/6,1/3,2/6,2/6,2/5,2/6,2/5,NULL,2/6,2/5,2/5,2/6,2/5,NULL,2/4,2/6,1/3,2/6,2/6,2/5,2/4,2/6,2/6,2/6,2/5,2/5,2/6,2/5,1/4,2/4
189,Targeting Skill,IN,AG,,IN/AG,magical,NULL,7,10,NULL,8,9,NULL,5,NULL,8,NULL,9,NULL,7,6,8,7,8,7,NULL,3/6,3/6,NULL,NULL,3/6,3/6,3/6,3/6,3/6,3/6,3/6,3/6,3/5,3/5,2/5,3/5,NULL,3/5,2/5,2/5,2/5,2/5,NULL,3/5,3/5,3/6,3/5,3/5,3/5,3/5,2/5,2/5,3/6,2/5,3/5,2/5,3/5,2/5,2/5
190,Tightrope Walking,AG,SD,,AG/SD,athletic,NULL,2/4,3/7,NULL,3/6,1/3,NULL,1/3,NULL,3/6,NULL,1/4,NULL,1/4,3,1/3,2/5,6,1/3,NULL,2/6,3/6,NULL,NULL,1/5,2/6,1/3,2/6,2/6,2/6,2/6,3/6,2,2,3,2,NULL,2,3,3,3,3,NULL,3,3/7,2/6,3,3,3,3,3,3,3,1/5,3,3,2,3,3
191,Time Sense,IN,ME,,IN/ME,perception,NULL,2/4,3/6,NULL,1/3,1/4,NULL,1/4,NULL,2/5,NULL,1/4,NULL,2/4,1/4,1/4,2/4,6,1/4,NULL,1/3,3/5,NULL,NULL,1/4,2/4,1/4,2/4,2/4,1/3,1/3,2/5,1/4,1/4,1/4,1/4,NULL,1/2,1/4,1/3,1/4,1/3,NULL,1/3,1/4,1/3,1/3,1/4,1/3,1/2,3/6,1/3,1/4,2/4,1/3,1/4,1/4,1/3,1/3
192,Tracking,IN,RE,,IN/RE,perception,NULL,1/4,1/4,NULL,1/2,1/3,NULL,2/5,NULL,1/4,NULL,6,NULL,1/4,2/4,1/3,2/4,6,1/3,NULL,2/6,1/2,NULL,NULL,2/6,1/4,3,2/6,2/6,2/5,1/5,2/5,1/4,2/6,3,1/4,NULL,3/5,3,3,3,3,NULL,2/4,2/7,2/6,3,3,2/5,3/6,3,3,3,2/6,2/4,3,2/5,2/6,1/5
193,Trading,RE,EM,,RE/EM,linguistic,NULL,2/4,3/6,NULL,3/5,2/4,NULL,3/5,NULL,3/6,NULL,6,NULL,2/4,2/4,2/4,1/2,6,3/5,NULL,2/4,3/6,NULL,NULL,3/6,2/4,2/4,3/6,3/6,3/5,2/4,3,2/6,2/5,3/6,2/6,NULL,2/6,2/4,3/5,3/5,3/5,NULL,3/6,2/5,2/4,2/6,3/6,3/6,1/4,3/5,3/5,3/5,3/6,3/6,3/6,1/4,2/5,3/6
194,Trading Lore,ME,RE,,ME/RE,academic,NULL,2/7,2/6,NULL,1/2,2/5,NULL,2/4,NULL,2/7,NULL,2/7,NULL,2/7,1/3,2/5,1/2,6,2/6,NULL,1/4,1/3,NULL,NULL,2/5,2/7,2/5,1/4,1/4,1/2,1/4,2/6,1/2,2/4,2/5,2/4,NULL,2/4,2/5,2/4,2/5,2/6,NULL,2/6,2/4,1/4,2/6,2/6,2/4,3/5,2/5,2/6,2/6,2/6,2/4,2/5,2/4,1/3,2/5
195,Transcend Armor,,,,NA,magical,NULL,12,20,NULL,15,18,NULL,12,NULL,15,NULL,18,NULL,12,10,10,13,15,20,NULL,3/9,3/9,NULL,NULL,8,3/9,3/9,2/6,2/6,3/7,3/9,2/5,5,4,6,5,NULL,5,6,6,6,6,NULL,7,6,3/9,6,6,5,6,4,4,3/8,4/6,7,5,5,3/7,7
196,Trap-Building,RE,EM,,RE/EM,subterfuge,NULL,1/3,2/6,NULL,1/3,1/3,NULL,2/5,NULL,2/6,NULL,6,NULL,1/3,2/6,1/3,2/5,6,2/5,NULL,2/6,2/6,NULL,NULL,2/6,1/3,1/3,3/6,3/6,2/5,2/6,2/7,2/5,2/6,2/6,2/5,NULL,2/6,2/6,2/5,3/6,2/6,NULL,3/7,3/7,2/6,3/5,3/5,3/5,2/6,3/6,1/5,1/5,2/6,3/6,2/6,2/6,2/5,3/7
197,Trickery,PR,QU,,PR/QU,subterfuge,NULL,1/3,2/6,NULL,2/5,1/2,NULL,1/4,NULL,2/6,NULL,2/5,NULL,1/3,2/6,1/2,1/4,6,1/4,NULL,2/4,2/6,NULL,NULL,2/5,1/3,1/2,3,3,2/5,2/4,3/6,3,3,3,3,NULL,3,1/4,3,3,3,NULL,3,4,2/4,3,3,2/6,3,3,3,3,3,1/5,3,3,3,1/5
198,Tumbling,AG,SD,,AG/SD,athletic,NULL,1/3,1/5,NULL,1/5,1/3,NULL,1/2,NULL,1/5,NULL,2/5,NULL,1/3,4,1/3,1/4,6,1/2,NULL,2/5,1/5,NULL,NULL,1/4,2/5,1/3,2/4,2/4,2/4,2/5,2/6,2/5,2/6,3,2/5,NULL,2/5,3,2,3,2,NULL,3,3,2/5,3,3,3,3/7,3,3,3,1/4,3,3,2/5,4,2
199,Tumbling Attack,AG,ST,,AG/ST,arms,NULL,1/5,2/5,NULL,2/5,1/5,NULL,1/4,NULL,2/5,NULL,2/7,NULL,1/5,6,1/5,2/6,2,1/4,NULL,2/6,2/6,NULL,NULL,2/5,2/6,1/5,2/5,2/5,3/5,2/6,3/6,3/6,3/7,5,3/6,NULL,3/6,5,4,5,4,NULL,5,9,2/6,5,5,5,4,5,5,5,2/5,5,5,3/6,7,4
200,Tumbling Evasion,AG,QU,,AG/QU,arms,NULL,1/3,1/4,NULL,1/5,1/3,NULL,1/2,NULL,1/5,NULL,2/5,NULL,1/3,3,1/3,2/5,1,1/2,NULL,2/5,1/5,NULL,NULL,1/4,2/5,1/3,2/6,2/6,2/4,2/5,2/5,2/5,2/6,3,2/5,NULL,2/5,3,2,3,2,NULL,3,4,2/5,3,3,3,3/7,3,3,3,1/4,3,3,2/5,3,2
201,Use/Remove Poison,AG,IN,,AG/IN,deadly,NULL,1/3,2/5,NULL,2/5,1/4,NULL,1/4,NULL,2/5,NULL,4,NULL,2/4,1/4,1/4,2/7,6,2/5,NULL,2/6,2/5,NULL,NULL,2/6,2/4,1/4,3/6,3/6,2/5,2/6,3/7,1/5,2/5,1/4,1/5,NULL,2/5,2/6,1/4,2/6,2/6,NULL,2/6,3/7,2/6,1/4,2/4,2/5,1/4,2/6,1/4,1/4,3,2/6,2/6,2/5,2/6,2/6
202,Ventriloquism,SD,IN,,SD/IN,linguistic,NULL,2/5,3/5,NULL,3/6,3/5,NULL,2/6,NULL,3/5,NULL,3/5,NULL,2/5,3/5,3/5,2/4,6,3/5,NULL,2/5,3/5,NULL,NULL,3/6,2/5,3/5,3/6,3/6,3/6,2/5,3/6,2/5,3/7,3/6,2/5,NULL,3/7,2/3,3/6,3/6,3/6,NULL,3/7,3/7,2/5,3/7,3/7,2/5,1/5,3/6,3/6,3/6,3/7,2/4,3/6,3/7,2/5,2/5
203,Warding Lore,ME,RE,,ME/RE,magical,NULL,5,8,NULL,5,4,NULL,4,NULL,5,NULL,7,NULL,4,3/6,3,4,6,5,NULL,3/6,5,NULL,NULL,3/6,3/6,3,2/5,2/5,2/4,3/6,2/6,1/4,2/4,1/3,1/4,NULL,1/4,2/4,1/4,2/4,2/4,NULL,2/4,2/4,3/6,2/5,2/5,2/5,1/4,2/4,1/4,1/4,3/6,2/5,1/3,1/4,1/4,2/4
204,Weather-Watching,IN,EM,,IN/EM,academic,NULL,3/7,3/7,NULL,1/5,3/7,NULL,3/7,NULL,3/7,NULL,6,NULL,3/7,2/5,3/7,2/5,6,2/7,NULL,2/6,1/4,NULL,NULL,1/5,3/7,3/7,2/5,2/5,1/5,2/6,2/5,1/3,1/3,1/4,1/3,NULL,1/3,1/4,2/6,1/4,2/6,NULL,1/2,3/7,2/6,2/6,1/3,1/4,1/3,1/4,1/4,1/5,2/5,1/4,1/4,1/3,1/4,1/2
205,Weapon Evaluation,IN,RE,,IN/RE,general,NULL,1/3,1/3,NULL,1/4,1/3,NULL,2/5,NULL,1/2,NULL,2/5,NULL,1/3,2/6,1/4,1/3,6,1/3,NULL,2/5,1/2,NULL,NULL,3/6,1/3,1/4,1/3,1/3,1/4,2/5,2/4,2,2,3,2,NULL,5,4,5,4,3,NULL,4,3/7,2/5,3,3/6,3,3,4,1/3,1/3,3,3,4,3,3/7,2/6
206,Wood Crafts,AG,EM,,AG/EM,general,NULL,2/6,2/6,NULL,2/4,2/7,NULL,3/6,NULL,2/6,NULL,6,NULL,2/6,3,2/7,2/6,6,2/6,NULL,2/4,1/3,NULL,NULL,1/5,2/6,3/5,2/4,2/4,2/4,2/4,3/7,2/5,2/6,3,2/5,NULL,2/6,3,1/2,3,3,NULL,3,3,2/4,4,3,3,2/6,3,1/3,1/3,3,3,3,2/6,4,3
207,Yado,QU,AG,,QU/AG,arms,NULL,3/6,3/6,NULL,2/6,3/6,NULL,4,NULL,2/6,NULL,2/5,NULL,3/6,7,3/6,5,2,3/6,NULL,5,3/6,NULL,NULL,3/6,5,3/6,3/7,3/7,4,5,3/7,5,5,6,4,NULL,7,6,7,6,6,NULL,7,9,5,6,7,6,7,6,6,6,4,7,6,5,9,6
208,Battle Axe,ST,ST,AG,ST/ST/AG,arms,2-H,NULL,NULL,NULL,NULL,NULL,NULL,NULL,NULL,NULL,NULL,NULL,NULL,NULL,NULL,NULL,NULL,0,NULL,NULL,NULL,NULL,NULL,NULL,NULL,NULL,NULL,NULL,NULL,NULL,NULL,NULL,NULL,NULL,NULL,NULL,NULL,NULL,NULL,NULL,NULL,NULL,NULL,NULL,NULL,NULL,NULL,NULL,NULL,NULL,NULL,NULL,NULL,NULL,NULL,NULL,NULL,NULL,NULL
209,Bola,AG,AG,ST,AG/AG/ST,arms,Thrown,NULL,NULL,NULL,NULL,NULL,NULL,NULL,NULL,NULL,NULL,NULL,NULL,NULL,NULL,NULL,NULL,0,NULL,NULL,NULL,NULL,NULL,NULL,NULL,NULL,NULL,NULL,NULL,NULL,NULL,NULL,NULL,NULL,NULL,NULL,NULL,NULL,NULL,NULL,NULL,NULL,NULL,NULL,NULL,NULL,NULL,NULL,NULL,NULL,NULL,NULL,NULL,NULL,NULL,NULL,NULL,NULL,NULL
210,Broadsword,ST,ST,AG,ST/ST/AG,arms,1-HS,NULL,NULL,NULL,NULL,NULL,NULL,NULL,NULL,NULL,NULL,NULL,NULL,NULL,NULL,NULL,NULL,0,NULL,NULL,NULL,NULL,NULL,NULL,NULL,NULL,NULL,NULL,NULL,NULL,NULL,NULL,NULL,NULL,NULL,NULL,NULL,NULL,NULL,NULL,NULL,NULL,NULL,NULL,NULL,NULL,NULL,NULL,NULL,NULL,NULL,NULL,NULL,NULL,NULL,NULL,NULL,NULL,NULL
211,Club,ST,ST,AG,ST/ST/AG,arms,1-HC,NULL,NULL,NULL,NULL,NULL,NULL,NULL,NULL,NULL,NULL,NULL,NULL,NULL,NULL,NULL,NULL,0,NULL,NULL,NULL,NULL,NULL,NULL,NULL,NULL,NULL,NULL,NULL,NULL,NULL,NULL,NULL,NULL,NULL,NULL,NULL,NULL,NULL,NULL,NULL,NULL,NULL,NULL,NULL,NULL,NULL,NULL,NULL,NULL,NULL,NULL,NULL,NULL,NULL,NULL,NULL,NULL,NULL
212,Composite Bow,AG,AG,ST,AG/AG/ST,arms,Missile,NULL,NULL,NULL,NULL,NULL,NULL,NULL,NULL,NULL,NULL,NULL,NULL,NULL,NULL,NULL,NULL,0,NULL,NULL,NULL,NULL,NULL,NULL,NULL,NULL,NULL,NULL,NULL,NULL,NULL,NULL,NULL,NULL,NULL,NULL,NULL,NULL,NULL,NULL,NULL,NULL,NULL,NULL,NULL,NULL,NULL,NULL,NULL,NULL,NULL,NULL,NULL,NULL,NULL,NULL,NULL,NULL,NULL
213,Dagger,ST,ST,AG,ST/ST/AG,arms,1-HS,NULL,NULL,NULL,NULL,NULL,NULL,NULL,NULL,NULL,NULL,NULL,NULL,NULL,NULL,NULL,NULL,0,NULL,NULL,NULL,NULL,NULL,NULL,NULL,NULL,NULL,NULL,NULL,NULL,NULL,NULL,NULL,NULL,NULL,NULL,NULL,NULL,NULL,NULL,NULL,NULL,NULL,NULL,NULL,NULL,NULL,NULL,NULL,NULL,NULL,NULL,NULL,NULL,NULL,NULL,NULL,NULL,NULL
214,Falchion,ST,ST,AG,ST/ST/AG,arms,1-HS,NULL,NULL,NULL,NULL,NULL,NULL,NULL,NULL,NULL,NULL,NULL,NULL,NULL,NULL,NULL,NULL,0,NULL,NULL,NULL,NULL,NULL,NULL,NULL,NULL,NULL,NULL,NULL,NULL,NULL,NULL,NULL,NULL,NULL,NULL,NULL,NULL,NULL,NULL,NULL,NULL,NULL,NULL,NULL,NULL,NULL,NULL,NULL,NULL,NULL,NULL,NULL,NULL,NULL,NULL,NULL,NULL,NULL
215,Flail,ST,ST,AG,ST/ST/AG,arms,2-H,NULL,NULL,NULL,NULL,NULL,NULL,NULL,NULL,NULL,NULL,NULL,NULL,NULL,NULL,NULL,NULL,0,NULL,NULL,NULL,NULL,NULL,NULL,NULL,NULL,NULL,NULL,NULL,NULL,NULL,NULL,NULL,NULL,NULL,NULL,NULL,NULL,NULL,NULL,NULL,NULL,NULL,NULL,NULL,NULL,NULL,NULL,NULL,NULL,NULL,NULL,NULL,NULL,NULL,NULL,NULL,NULL,NULL
216,Hand Axe,ST,ST,AG,ST/ST/AG,arms,1-HS,NULL,NULL,NULL,NULL,NULL,NULL,NULL,NULL,NULL,NULL,NULL,NULL,NULL,NULL,NULL,NULL,0,NULL,NULL,NULL,NULL,NULL,NULL,NULL,NULL,NULL,NULL,NULL,NULL,NULL,NULL,NULL,NULL,NULL,NULL,NULL,NULL,NULL,NULL,NULL,NULL,NULL,NULL,NULL,NULL,NULL,NULL,NULL,NULL,NULL,NULL,NULL,NULL,NULL,NULL,NULL,NULL,NULL
217,Heavy Crossbow,AG,AG,ST,AG/AG/ST,arms,Missile,NULL,NULL,NULL,NULL,NULL,NULL,NULL,NULL,NULL,NULL,NULL,NULL,NULL,NULL,NULL,NULL,0,NULL,NULL,NULL,NULL,NULL,NULL,NULL,NULL,NULL,NULL,NULL,NULL,NULL,NULL,NULL,NULL,NULL,NULL,NULL,NULL,NULL,NULL,NULL,NULL,NULL,NULL,NULL,NULL,NULL,NULL,NULL,NULL,NULL,NULL,NULL,NULL,NULL,NULL,NULL,NULL,NULL
218,Javelin,ST,ST,AG,ST/ST/AG,arms,Polearm,NULL,NULL,NULL,NULL,NULL,NULL,NULL,NULL,NULL,NULL,NULL,NULL,NULL,NULL,NULL,NULL,0,NULL,NULL,NULL,NULL,NULL,NULL,NULL,NULL,NULL,NULL,NULL,NULL,NULL,NULL,NULL,NULL,NULL,NULL,NULL,NULL,NULL,NULL,NULL,NULL,NULL,NULL,NULL,NULL,NULL,NULL,NULL,NULL,NULL,NULL,NULL,NULL,NULL,NULL,NULL,NULL,NULL
219,Lance,ST,ST,AG,ST/ST/AG,arms,2-H,NULL,NULL,NULL,NULL,NULL,NULL,NULL,NULL,NULL,NULL,NULL,NULL,NULL,NULL,NULL,NULL,0,NULL,NULL,NULL,NULL,NULL,NULL,NULL,NULL,NULL,NULL,NULL,NULL,NULL,NULL,NULL,NULL,NULL,NULL,NULL,NULL,NULL,NULL,NULL,NULL,NULL,NULL,NULL,NULL,NULL,NULL,NULL,NULL,NULL,NULL,NULL,NULL,NULL,NULL,NULL,NULL,NULL
220,Light Crossbow,AG,AG,ST,AG/AG/ST,arms,Missile,NULL,NULL,NULL,NULL,NULL,NULL,NULL,NULL,NULL,NULL,NULL,NULL,NULL,NULL,NULL,NULL,0,NULL,NULL,NULL,NULL,NULL,NULL,NULL,NULL,NULL,NULL,NULL,NULL,NULL,NULL,NULL,NULL,NULL,NULL,NULL,NULL,NULL,NULL,NULL,NULL,NULL,NULL,NULL,NULL,NULL,NULL,NULL,NULL,NULL,NULL,NULL,NULL,NULL,NULL,NULL,NULL,NULL
221,Long Bow,AG,AG,ST,AG/AG/ST,arms,Missile,NULL,NULL,NULL,NULL,NULL,NULL,NULL,NULL,NULL,NULL,NULL,NULL,NULL,NULL,NULL,NULL,0,NULL,NULL,NULL,NULL,NULL,NULL,NULL,NULL,NULL,NULL,NULL,NULL,NULL,NULL,NULL,NULL,NULL,NULL,NULL,NULL,NULL,NULL,NULL,NULL,NULL,NULL,NULL,NULL,NULL,NULL,NULL,NULL,NULL,NULL,NULL,NULL,NULL,NULL,NULL,NULL,NULL
222,Mace,ST,ST,AG,ST/ST/AG,arms,1-HC,NULL,NULL,NULL,NULL,NULL,NULL,NULL,NULL,NULL,NULL,NULL,NULL,NULL,NULL,NULL,NULL,0,NULL,NULL,NULL,NULL,NULL,NULL,NULL,NULL,NULL,NULL,NULL,NULL,NULL,NULL,NULL,NULL,NULL,NULL,NULL,NULL,NULL,NULL,NULL,NULL,NULL,NULL,NULL,NULL,NULL,NULL,NULL,NULL,NULL,NULL,NULL,NULL,NULL,NULL,NULL,NULL,NULL
223,Main Gauche,ST,ST,AG,ST/ST/AG,arms,1-HS,NULL,NULL,NULL,NULL,NULL,NULL,NULL,NULL,NULL,NULL,NULL,NULL,NULL,NULL,NULL,NULL,0,NULL,NULL,NULL,NULL,NULL,NULL,NULL,NULL,NULL,NULL,NULL,NULL,NULL,NULL,NULL,NULL,NULL,NULL,NULL,NULL,NULL,NULL,NULL,NULL,NULL,NULL,NULL,NULL,NULL,NULL,NULL,NULL,NULL,,NULL,NULL,NULL,NULL,NULL,NULL,NULL
224,Morning Star,ST,ST,AG,ST/ST/AG,arms,1-HC,NULL,NULL,NULL,NULL,NULL,NULL,NULL,NULL,NULL,NULL,NULL,NULL,NULL,NULL,NULL,NULL,0,NULL,NULL,NULL,NULL,NULL,NULL,NULL,NULL,NULL,NULL,NULL,NULL,NULL,NULL,NULL,NULL,NULL,NULL,NULL,NULL,NULL,NULL,NULL,NULL,NULL,NULL,NULL,NULL,NULL,NULL,NULL,NULL,NULL,NULL,NULL,NULL,NULL,NULL,NULL,NULL,NULL
225,Polearm,ST,ST,AG,ST/ST/AG,arms,Polearm,NULL,NULL,NULL,NULL,NULL,NULL,NULL,NULL,NULL,NULL,NULL,NULL,NULL,NULL,NULL,NULL,0,NULL,NULL,NULL,NULL,NULL,NULL,NULL,NULL,NULL,NULL,NULL,NULL,NULL,NULL,NULL,NULL,NULL,NULL,NULL,NULL,NULL,NULL,NULL,NULL,NULL,NULL,NULL,NULL,NULL,NULL,NULL,NULL,NULL,NULL,NULL,NULL,NULL,NULL,NULL,NULL,NULL
226,Quarterstaff,ST,ST,AG,ST/ST/AG,arms,2-H,NULL,NULL,NULL,NULL,NULL,NULL,NULL,NULL,NULL,NULL,NULL,NULL,NULL,NULL,NULL,NULL,0,NULL,NULL,NULL,NULL,NULL,NULL,NULL,NULL,NULL,NULL,NULL,NULL,NULL,NULL,NULL,NULL,NULL,NULL,NULL,NULL,NULL,NULL,NULL,NULL,NULL,NULL,NULL,NULL,NULL,NULL,NULL,NULL,NULL,NULL,NULL,NULL,NULL,NULL,NULL,NULL,NULL
227,Rapier,ST,ST,AG,ST/ST/AG,arms,1-HS,NULL,NULL,NULL,NULL,NULL,NULL,NULL,NULL,NULL,NULL,NULL,NULL,NULL,NULL,NULL,NULL,0,NULL,NULL,NULL,NULL,NULL,NULL,NULL,NULL,NULL,NULL,NULL,NULL,NULL,NULL,NULL,NULL,NULL,NULL,NULL,NULL,NULL,NULL,NULL,NULL,NULL,NULL,NULL,NULL,NULL,NULL,NULL,NULL,NULL,,NULL,NULL,NULL,NULL,NULL,NULL,NULL
228,Scimitar,ST,ST,AG,ST/ST/AG,arms,1-HS,NULL,NULL,NULL,NULL,NULL,NULL,NULL,NULL,NULL,NULL,NULL,NULL,NULL,NULL,NULL,NULL,0,NULL,NULL,NULL,NULL,NULL,NULL,NULL,NULL,NULL,NULL,NULL,NULL,NULL,NULL,NULL,NULL,NULL,NULL,NULL,NULL,NULL,NULL,NULL,NULL,NULL,NULL,NULL,NULL,NULL,NULL,NULL,NULL,NULL,NULL,NULL,NULL,NULL,NULL,NULL,NULL,NULL
229,Short Bow,AG,AG,ST,AG/AG/ST,arms,Missile,NULL,NULL,NULL,NULL,NULL,NULL,NULL,NULL,NULL,NULL,NULL,NULL,NULL,NULL,NULL,NULL,0,NULL,NULL,NULL,NULL,NULL,NULL,NULL,NULL,NULL,NULL,NULL,NULL,NULL,NULL,NULL,NULL,NULL,NULL,NULL,NULL,NULL,NULL,NULL,NULL,NULL,NULL,NULL,NULL,NULL,NULL,NULL,NULL,NULL,NULL,NULL,NULL,NULL,NULL,NULL,NULL,NULL
230,Short Sword,ST,ST,AG,ST/ST/AG,arms,1-HS,NULL,NULL,NULL,NULL,NULL,NULL,NULL,NULL,NULL,NULL,NULL,NULL,NULL,NULL,NULL,NULL,0,NULL,NULL,NULL,NULL,NULL,NULL,NULL,NULL,NULL,NULL,NULL,NULL,NULL,NULL,NULL,NULL,NULL,NULL,NULL,NULL,NULL,NULL,NULL,NULL,NULL,NULL,NULL,NULL,NULL,NULL,NULL,NULL,NULL,NULL,NULL,NULL,NULL,NULL,NULL,NULL,NULL
231,Sling,AG,AG,ST,AG/AG/ST,arms,Missile,NULL,NULL,NULL,NULL,NULL,NULL,NULL,NULL,NULL,NULL,NULL,NULL,NULL,NULL,NULL,NULL,0,NULL,NULL,NULL,NULL,NULL,NULL,NULL,NULL,NULL,NULL,NULL,NULL,NULL,NULL,NULL,NULL,NULL,NULL,NULL,NULL,NULL,NULL,NULL,NULL,NULL,NULL,NULL,NULL,NULL,NULL,NULL,NULL,NULL,NULL,NULL,NULL,NULL,NULL,NULL,NULL,NULL
232,Spear,ST,ST,AG,ST/ST/AG,arms,Polearm,NULL,NULL,NULL,NULL,NULL,NULL,NULL,NULL,NULL,NULL,NULL,NULL,NULL,NULL,NULL,NULL,0,NULL,NULL,NULL,NULL,NULL,NULL,NULL,NULL,NULL,NULL,NULL,NULL,NULL,NULL,NULL,NULL,NULL,NULL,NULL,NULL,NULL,NULL,NULL,NULL,NULL,NULL,NULL,NULL,NULL,NULL,NULL,NULL,NULL,NULL,NULL,NULL,NULL,NULL,NULL,NULL,NULL
233,Two-Handed Sword,ST,ST,AG,ST/ST/AG,arms,2-H,NULL,NULL,NULL,NULL,NULL,NULL,NULL,NULL,NULL,NULL,NULL,NULL,NULL,NULL,NULL,NULL,0,NULL,NULL,NULL,NULL,NULL,NULL,NULL,NULL,NULL,NULL,NULL,NULL,NULL,NULL,NULL,NULL,NULL,NULL,NULL,NULL,NULL,NULL,NULL,NULL,NULL,NULL,NULL,NULL,NULL,NULL,NULL,NULL,NULL,NULL,NULL,NULL,NULL,NULL,NULL,NULL,NULL
234,War Hammer,ST,ST,AG,ST/ST/AG,arms,1-HC,NULL,NULL,NULL,NULL,NULL,NULL,NULL,NULL,NULL,NULL,NULL,NULL,NULL,NULL,NULL,NULL,0,NULL,NULL,NULL,NULL,NULL,NULL,NULL,NULL,NULL,NULL,NULL,NULL,NULL,NULL,NULL,NULL,NULL,NULL,NULL,NULL,NULL,NULL,NULL,NULL,NULL,NULL,NULL,NULL,NULL,NULL,NULL,NULL,NULL,NULL,NULL,NULL,NULL,NULL,NULL,NULL,NULL
235,War Mattock,ST,ST,AG,ST/ST/AG,arms,2-H,NULL,NULL,NULL,NULL,NULL,NULL,NULL,NULL,NULL,NULL,NULL,NULL,NULL,NULL,NULL,NULL,0,NULL,NULL,NULL,NULL,NULL,NULL,NULL,NULL,NULL,NULL,NULL,NULL,NULL,NULL,NULL,NULL,NULL,NULL,NULL,NULL,NULL,NULL,NULL,NULL,NULL,NULL,NULL,NULL,NULL,NULL,NULL,NULL,NULL,NULL,NULL,NULL,NULL,NULL,NULL,NULL,NULL
236,Whip,ST,ST,AG,ST/ST/AG,arms,1-HC,NULL,NULL,NULL,NULL,NULL,NULL,NULL,NULL,NULL,NULL,NULL,NULL,NULL,NULL,NULL,NULL,0,NULL,NULL,NULL,NULL,NULL,NULL,NULL,NULL,NULL,NULL,NULL,NULL,NULL,NULL,NULL,NULL,NULL,NULL,NULL,NULL,NULL,NULL,NULL,NULL,NULL,NULL,NULL,NULL,NULL,NULL,NULL,NULL,NULL,NULL,NULL,NULL,NULL,NULL,NULL,NULL,NULL
237,Riding - Horse,EM,AG,,EM/AG,outdoor,NULL,3,2/6,NULL,2/6,3,NULL,3/7,NULL,2/6,NULL,3,NULL,2/5,3,2/6,1/4,3,2/7,NULL,2/6,1/3,NULL,NULL,3,2/6,3,2/4,2/5,2/6,NULL,2/6,1/3,3,3,1/4,NULL,3,3,2,3,2,NULL,3,4,3,3,3,3,3,4,3,2/6,3,3,3,2/4,3,2
238,Play Instruments: Category 2,AG,ME,,AG/ME,general,NULL,3/7,3/7,NULL,3/7,3/7,NULL,1/5,NULL,3/7,NULL,3/5,NULL,3/7,3/6,3/7,2/5,6,3/7,NULL,1/3,3/7,NULL,NULL,3/7,3/7,3/7,3/7,3/7,3/7,NULL,3/7,3/7,3/6,3/7,3/7,NULL,3/7,3/7,3/7,3/7,3/7,NULL,3/5,3/7,1/3,3/7,3/7,3/7,3/6,3/7,3/7,3/7,3/7,3/6,3/7,3/5,3/9,3/6
239,Play Instruments: Category 3,AG,ME,,AG/ME,general,NULL,3,3,NULL,3,3,NULL,2/6,NULL,3,NULL,3,NULL,3,3,3,3/6,6,3,NULL,1/4,3,NULL,NULL,3,3,3,3,3,3,NULL,3,3,3,3,3,NULL,3,3,3,3,3,NULL,3,3,1/4,3,3,3,3,3,3,3,3,3,3,3,4,3
240,Adrenal Defense,NA,,,NA,concentration,NULL,15,6,NULL,20,7,NULL,3/8,NULL,20,NULL,2/6,NULL,20,18,20,20,20,3/7,NULL,15,15,NULL,NULL,6,15,7,20,20,20,NULL,20,20,20,20,20,NULL,20,20,15,20,15,NULL,15,20,20,20,20,15,20,15,20,20,3,15,20,20,15,15
241,Shield Bash,ST,ST,AG,ST/ST/AG,arms,1-HC,NULL,NULL,NULL,NULL,NULL,NULL,NULL,NULL,,NULL,NULL,NULL,NULL,NULL,NULL,NULL,0,NULL,NULL,NULL,NULL,NULL,NULL,NULL,NULL,NULL,NULL,NULL,NULL,NULL,NULL,NULL,NULL,NULL,NULL,NULL,NULL,NULL,NULL,NULL,NULL,NULL,NULL,NULL,NULL,NULL,NULL,NULL,NULL,NULL,NULL,NULL,NULL,NULL,NULL,NULL,NULL,NULL
242,Directed Spells - Adrenal Focus,AG,,,AG,directed spells,NULL,20,25,NULL,20,20,NULL,20,NULL,20,NULL,20,NULL,20,15,20,20,20,20,NULL,10,9,NULL,NULL,9,10,2/6,6,20,15,10,3/6,3,3,2/6,3,NULL,3,2/6,2/7,1/4,2/6,NULL,2/7,3/8,3/8,2/6,2/5,2/7,2/5,2/6,2/7,9,15,2/6,2/6,2/7,2/7,2/7
243,Adrenal Spell Avoidance,PR,,,PR,concentration,NULL,2/6,2/4,NULL,2/7,1/3,NULL,1/3,NULL,2/6,NULL,1/3,NULL,2/6,5,2/6,2/6,6,1/3,NULL,2/7,2/7,NULL,NULL,2/4,2/6,2/4,3/9,3/9,2/7,2/7,3/7,5,5,6,5,NULL,5,6,3,6,3,NULL,5,5,2/7,5,5,5,5,5,6,1/3,2/4,5,6,5,7,3
244,Airborne Combat,AG,QU,,AG/QU,arms,NULL,3/9,3/6,NULL,2/6,3/6,NULL,6,NULL,2/6,NULL,3/6,NULL,3/9,20,3/6,5,2,3/6,NULL,3/6,3/6,NULL,NULL,3/6,3/6,18,3/6,3/6,3/6,3/6,3/6,20,20,18,20,NULL,20,18,8,18,8,NULL,20,20,3/6,18,20,20,20,18,18,18,12,20,18,20,20,15
245,Awakening,IN,,,IN,arms,NULL,1/5,2/5,NULL,2/6,2/7,NULL,3/5,NULL,2/6,NULL,8,NULL,1/5,1/8,2/7,2/5,2,8,NULL,2,2/6,NULL,NULL,8,2,2/7,3/6,3/6,5,2,6,7,7,18,5,NULL,18,18,8,18,8,NULL,18,20,2,18,18,15,18,18,18,18,5,18,18,18,20,15
246,Battle Perception,IN,ME,,IN/ME,academic,NULL,1/3,1/2,NULL,1/4,1/3,NULL,2/7,NULL,1/2,NULL,1/4,NULL,1/3,1/4,1/3,2/5,1,1/4,NULL,2/4,1/3,NULL,NULL,2/4,1/3,1/3,1/3,1/3,1/4,2/4,1/4,2/5,2/5,1/4,2/5,NULL,2/5,1/4,2/5,2/4,2/4,NULL,2/5,2/4,2/4,1/4,2/4,2/4,2/6,2/4,2/4,1/5,2/6,2/4,2/4,1/6,1/4,2/5
247,Blind Fighting:Hearing,RE,EM,,RE/EM,arms,NULL,2/6,1/5,NULL,1/5,2/6,NULL,2/6,NULL,1/5,NULL,1/5,NULL,2/6,2/6,2/6,1/5,1,1/5,NULL,3/9,3/9,NULL,NULL,3/9,3/9,3/9,3/6,3/6,3/9,3/9,3/9,10,10,10,10,NULL,10,10,10,10,10,NULL,10,10,3/9,10,10,10,10,10,10,3/9,3/9,10,10,10,10,10
248,Blind Fighting:Smell,RE,ME,,RE/ME,arms,NULL,3/9,2/7,NULL,2/7,3/9,NULL,3/9,NULL,2/7,NULL,2/7,NULL,3/9,3/9,3/9,2/7,2,2/7,NULL,10,10,NULL,NULL,10,10,10,10,10,10,10,10,20,20,20,20,NULL,20,20,20,20,20,NULL,20,20,10,20,20,20,20,20,20,10,10,20,20,20,20,20
249,Blind Fighting:Touch,RE,EM,,RE/EM,arms,NULL,6,8,NULL,8,6,NULL,6,NULL,8,NULL,8,NULL,6,6,6,8,8,8,NULL,20,20,NULL,NULL,20,20,20,20,20,20,20,20,25,25,25,25,NULL,25,25,25,25,25,NULL,25,25,20,25,25,25,25,25,25,20,20,25,25,25,25,25
250,Blind Fighting:Intuition,IN,,,IN,arms,NULL,15,4/10,NULL,4/10,15,NULL,15,NULL,4/10,NULL,4/10,NULL,15,15,15,4/10,4,4/10,NULL,25,25,NULL,NULL,25,25,25,25,25,25,25,25,25,25,25,25,NULL,25,25,25,25,25,NULL,25,25,25,25,25,25,25,25,25,25,25,25,25,25,25,25
251,Cryptography,IN,RE,,IN/RE,linguistic,NULL,2/5,2/6,NULL,2/6,2/5,NULL,1/4,NULL,2/6,NULL,2/6,NULL,2/5,1/3,2/5,1/4,6,2/6,NULL,1/2,2/6,NULL,NULL,2/6,2/5,2/5,2/6,2/6,2/6,1/2,2/6,2/6,2/5,1/5,2/5,NULL,2/6,2/5,2/5,2/6,2/5,NULL,2/4,2/5,1/2,2/6,2/6,1/5,1/4,2/6,2/6,2/6,1/4,2/5,2/6,1/5,1/2,2/4
252,Defensive Weaving,NA,,,NA,concentration,NULL,20,6,NULL,20,7,NULL,3/8,NULL,20,NULL,2/6,NULL,20,18,20,20,20,3/7,NULL,15,15,NULL,NULL,6,20,7,20,20,20,15,20,20,20,20,20,NULL,20,20,15,20,15,NULL,15,20,15,20,20,15,20,15,20,20,3,15,20,20,15,15
253,Dentistry,ME,AG,,ME/AG,medical,NULL,7,8,NULL,7,6,NULL,6,NULL,7,NULL,5,NULL,7,3/6,6,7,7,4,NULL,6,7,NULL,NULL,5,7,6,3,3,3/6,6,6,3/7,4,6,3/7,NULL,2/5,6,2/4,6,6,NULL,6,5,6,5,8,6,6,6,5,5,3/6,6,6,4,5,5
254,Directed Strength,SD,,,SD,arms,NULL,3/6,3/6,NULL,2/6,3/6,NULL,4,NULL,2/6,NULL,2/5,NULL,3/6,7,3/6,5,2,3/6,NULL,5,3/6,NULL,NULL,3/6,5,3/6,3/7,3/7,4,5,3/7,5,5,6,4,NULL,7,6,7,6,6,NULL,7,9,5,6,7,6,7,6,6,6,4,7,6,5,9,6
255,Distract Foe,AG,QU,,AG/QU,arms,NULL,3/7,3/7,NULL,3/7,3/7,NULL,1/5,NULL,3/7,NULL,1/2,NULL,3/7,3,3/7,3/7,3,1/3,NULL,3,3/7,NULL,NULL,2/5,3,3/7,6,6,4,3,3/8,6,6,9,6,NULL,6,9,3,9,3,NULL,6,9,3,9,9,9,8,6,9,4,2/5,6,9,6,4,3
256,Donning/Doffing Armor:SL,QU,AG,,QU/AG,arms,NULL,1/*,2/*,NULL,1/*,9,NULL,2/*,NULL,1/*,NULL,2/*,NULL,1/*,3/*,1/*,2/*,1,9,NULL,2/*,2/*,NULL,NULL,9,2/*,2/*,1/*,1/*,1/*,1/*,2/*,9,1/*,9,1/*,NULL,2/*,9,2/*,9,4/*,NULL,4/*,10,7,9,9,4/*,9,9,9,9/*,5/*,4/*,9,1/*,4/*,4/*
257,Donning/Doffing Armor:RL,QU,AG,,QU/AG,arms,NULL,1/*,3/*,NULL,1/*,9,NULL,9,NULL,1/*,NULL,2/*,NULL,1/*,4/*,2/*,2/*,1,9,NULL,2/*,2/*,NULL,NULL,9,3/*,2/*,1/*,1/*,2/*,2/*,2/*,9,2/*,9,1/*,NULL,3/*,9,3/*,9,5/*,NULL,5/*,12,7,9,9,4/*,9,9,9,9/*,7/*,5/*,9,2/*,5/*,5/*
258,Donning/Doffing Armor:Chain,QU,AG,,QU/AG,arms,NULL,4/*,5/*,NULL,3/*,10,NULL,3/*,NULL,2/*,NULL,3/*,NULL,3/*,5/*,3/*,4/*,1,10,NULL,3/*,4/*,NULL,NULL,10,4/*,4/*,2/*,2/*,3/*,4/*,3/*,10,10,10,10,NULL,10,10,4/*,10,6/*,NULL,6/*,15,8,10,10,6/*,10,10,10,10,4/*,6/*,10,10,6/*,6/*
259,Donning/Doffing Armor:Plate,QU,AG,,QU/AG,arms,NULL,7/*,7/*,NULL,4/*,10,NULL,15,NULL,2/*,NULL,5/*,NULL,3/*,7/*,4/*,5,1,10,NULL,5/*,6/*,NULL,NULL,11,5/*,6/*,3/*,3/*,4/*,8,4/*,11,11,11,11,NULL,11,11,5/*,11,7/*,NULL,7/*,20,10,11,11,7/*,11,11,11,11,20,7/*,11,11,7/*,7/*
260,Feinting,QU,PR,,QU/PR,arms,NULL,2/5,2/5,NULL,2/5,2/5,NULL,3/6,NULL,2/5,NULL,1/3,NULL,2/5,7,2/5,4,2,2/3,NULL,5,2/5,NULL,NULL,3,5,2/5,2/5,2/5,4,5,4,5,5,6,5,NULL,7,5,7,6,6,NULL,6,9,5,6,6,5,5,6,6,6,5,6,6,7,9,6
261,Focus,SD,,,SD,arms,NULL,3/6,3/6,NULL,2/6,3/6,NULL,6,NULL,2/6,NULL,3/6,NULL,3/6,20,3/6,5,2,3/6,NULL,3/6,3/6,NULL,NULL,3/6,3/6,18,3/6,3/6,3/6,3/6,3/6,20,20,18,20,NULL,20,18,8,18,8,NULL,20,20,3/6,18,20,20,20,18,18,18,12,20,18,20,20,15
262,Holding Breath,CO,SD,,CO/SD,body development,NULL,2/5,1/3,NULL,2/7,3/7,NULL,1/5,NULL,1/3,NULL,2/7,NULL,2/5,7,3/7,2/6,6,2/7,NULL,3/8,2/7,NULL,NULL,3/7,2/5,3/8,2/5,2/5,2/7,3/8,2/8,4,6,7,4,NULL,1/3,8,6,8,6,NULL,6,8,3/8,8,8,8,6,8,6,4/7,2/6,8,8,2/4,6,6
263,Hygiene,CO,SD,,CO/SD,body development,NULL,1/3,1/2,NULL,1/3,2/4,NULL,1/3,NULL,1/2,NULL,1/4,NULL,1/3,4,2/4,1/3,1,1/4,NULL,2/4,1/4,NULL,NULL,2/4,1/2,2/4,1/3,1/3,1/4,2/4,1/4,2,3,4,2,NULL,1/2,4,3,4,3,NULL,3,4,2/4,4,4,4,3,4,3,2/4,1/3,4,4,1/2,3,3
264,Intimidation,PR,RE,,PR/RE,social,NULL,2/5,2/5,NULL,2/6,2/6,NULL,1/2,NULL,2/6,NULL,3/6,NULL,2/5,2/6,2/6,2/5,6,2/6,NULL,1/4,2/6,NULL,NULL,2/6,2/5,2/6,2/6,2/6,2/6,1/4,2/5,2/6,2/6,2/5,2/6,NULL,2/6,2/5,2/6,2/5,2/6,NULL,2/6,2/6,1/4,2/6,2/5,1/3,1/4,2/5,2/5,2/5,2/5,1/3,2/5,2/6,2/6,2/4
265,Mind Block,SD,PR,,SD/PR,general,NULL,6,4,NULL,8,6,NULL,6,NULL,4,NULL,4,NULL,6,6,6,4,6,4,NULL,8,8,NULL,NULL,8,6,8,8,8,8,8,8,11,11,11,11,NULL,11,11,11,11,11,NULL,11,11,8,11,11,11,11,11,11,8,8,11,11,11,11,11
266,Moving Strike,AG,SD,,AG/SD,arms,NULL,3/8,3/8,NULL,2/7,3/5,NULL,3/7,NULL,2/7,NULL,2/4,NULL,3/8,20,4,4,2,2/6,NULL,5,3/7,NULL,NULL,3/7,5,4,3/7,3/7,3/7,5,3/8,20,20,20,15,NULL,20,20,20,20,20,NULL,20,20,5,20,20,20,20,20,20,20,3/9,20,20,20,20,20
267,Prepared Shot,SD,IN,,SD/IN,concentration,NULL,2/6,2/4,NULL,2/7,1/3,NULL,1/2,NULL,2/6,NULL,1/3,NULL,2/6,5,2/6,2/6,6,1/3,NULL,2/7,2/7,NULL,NULL,2/4,2/6,2/7,3/9,3/9,2/7,2/7,3/7,5,5,6,5,NULL,5,6,3,6,3,NULL,5,5,2/7,5,5,5,5,5,6,2/7,1/4,5,6,5,7,3
268,Seaborne Combat,AG,AG,IN,AG/AG/IN,athletic,NULL,1/3,1/4,NULL,1/4,1/4,NULL,3/7,NULL,1/4,NULL,6,NULL,1/3,3,1/4,1/4,6,1/4,NULL,2/5,1/3,NULL,NULL,1/5,2/5,1/4,2/4,2/4,2/4,2/5,2/5,2/5,2/5,3,2/7,NULL,2/6,3,3,3,3,NULL,3,4,2/5,3,3,3,3,3,3,3,3/9,3,3,2/4,5,3
269,Taunting,IN,,,IN,subterfuge,NULL,2/5,2/5,NULL,4,1/3,NULL,3,NULL,3/8,NULL,3/6,NULL,2/5,3/9,1/3,3/6,6,3/9,NULL,4,2/6,NULL,NULL,4,2/5,3/7,7,7,4,4,4,8,7,7,7,NULL,8,8,8,7,7,NULL,7,6,4,7,7,7,8,7,4,1/5,5,7,7,7,8,7
270,Unhorsing,ST,ST,AG,ST/ST/AG,arms,NULL,3/6,3/6,NULL,2/6,3/6,NULL,6,NULL,2/6,NULL,3/6,NULL,3/6,20,3/6,5,2,3/6,NULL,3/6,3/6,NULL,NULL,3/6,3/6,18,3/6,3/6,3/6,3/6,3/6,20,20,18,20,NULL,20,18,8,18,8,NULL,20,20,3/6,18,20,20,20,18,18,18,12,20,18,20,20,15
271,Weapon/Armor Maintenance,AG,SD,,AG/SD,general,NULL,2/7,3/5,NULL,2/7,2/6,NULL,3/7,NULL,3/5,NULL,6,NULL,2/7,4,2/6,3/6,3,3/5,NULL,3/5,3/5,NULL,NULL,2/6,2/7,2/6,3/5,3/5,2/7,3/5,3/7,3,3,3,3,NULL,3,3,3,3,3,NULL,3,2/4,3/5,3,3,4,3,3,1/2,1/2,4,3,3,3,5,3
272,Weapon Snare,QU,AG,NU,QU/AG,arms,NULL,2/5,2/5,NULL,2/5,2/5,NULL,3/6,NULL,2/5,NULL,1/3,NULL,2/5,7,2/5,4,2,2/3,NULL,5,2/5,NULL,NULL,3,5,2/5,2/5,2/5,4,5,4,5,5,6,5,NULL,7,5,7,6,6,NULL,6,9,5,6,6,5,5,6,6,6,5,6,6,7,9,6
273,Weapon Trickery,AG,QU,,AG/QU,arms,NULL,2/5,1/5,NULL,1/5,3/8,NULL,3/9,NULL,1/5,NULL,3/7,NULL,2/5,4/8,2/7,2/7,1,4,NULL,3/9,3/7,NULL,NULL,5,3/9,3/9,2/5,2/5,3/7,3/9,2/7,6,6,9,5,NULL,9,9,8,9,6,NULL,9,9,3/9,9,9,8,9,9,9,4/8,3/9,9,9,6,8,6
274,Whip Grapple : 1,AG,ST,,AG/ST,arms,NULL,3/7,3/7,NULL,3/7,3/7,NULL,1/5,NULL,3/7,NULL,1/2,NULL,3/7,3,3/7,3/7,3,1/3,NULL,3,3/7,NULL,NULL,2/5,3,3/7,6,6,4,3,3/8,6,6,9,6,NULL,6,9,3,9,3,NULL,6,9,3,9,9,9,8,6,9,4,2/5,6,9,6,4,3
275,Whip Grapple : 2,AG,ST,,AG/ST,arms,NULL,3/7,3/7,NULL,3/7,3/4,NULL,1/5,NULL,3/7,NULL,1/2,NULL,3/7,3,3/7,3/7,3,1/3,NULL,3,3/7,NULL,NULL,2/5,3,3/7,6,6,4,3,3/8,6,6,9,6,NULL,6,9,3,9,3,NULL,6,9,3,9,9,9,8,6,9,4,2/5,6,9,6,4,3
276,Whip Grapple : 3,AG,ST,,AG/ST,arms,NULL,3/7,3/7,NULL,3/7,3/7,NULL,1/5,NULL,3/7,NULL,1/2,NULL,3/7,3,3/7,3/7,3,1/3,NULL,3,3/7,NULL,NULL,2/5,3,3/7,6,6,4,3,3/8,6,6,9,6,NULL,6,9,3,9,3,NULL,6,9,3,9,9,9,8,6,9,4,2/5,6,9,6,4,3
277,Whip Grapple : 4,AG,ST,,AG/ST,arms,NULL,3/7,3/7,NULL,3/7,3/7,NULL,1/5,NULL,3/7,NULL,1/2,NULL,3/7,3,3/7,3/7,3,1/3,NULL,3,3/7,NULL,NULL,2/5,3,3/7,6,6,4,3,3/8,6,6,9,6,NULL,6,9,3,9,3,NULL,6,9,3,9,9,9,8,6,9,4,2/5,6,9,6,4,3
278,TWC - Scimitar: RH,ST,ST,AG,ST/ST/AG,arms,1-HS,NULL,NULL,NULL,NULL,NULL,NULL,NULL,NULL,NULL,NULL,NULL,NULL,NULL,NULL,NULL,NULL,0,NULL,NULL,NULL,NULL,NULL,NULL,NULL,NULL,NULL,NULL,NULL,NULL,NULL,NULL,NULL,NULL,NULL,NULL,NULL,NULL,NULL,NULL,NULL,NULL,NULL,NULL,NULL,NULL,NULL,NULL,NULL,NULL,NULL,NULL,NULL,NULL,NULL,NULL,NULL,NULL,NULL
279,TWC - Scimitar: LH,ST,ST,AG,ST/ST/AG,arms,1-HS,NULL,NULL,NULL,NULL,NULL,NULL,NULL,NULL,NULL,NULL,NULL,NULL,NULL,NULL,NULL,NULL,0,NULL,NULL,NULL,NULL,NULL,NULL,NULL,NULL,NULL,NULL,NULL,NULL,NULL,NULL,NULL,NULL,NULL,NULL,NULL,NULL,NULL,NULL,NULL,NULL,NULL,NULL,NULL,NULL,NULL,NULL,NULL,NULL,NULL,NULL,NULL,NULL,NULL,NULL,NULL,NULL,NULL
280,Dagger: Thrown,AG,AG,ST,AG/AG/ST,arms,Thrown,NULL,NULL,NULL,NULL,NULL,NULL,NULL,NULL,NULL,NULL,NULL,NULL,NULL,NULL,NULL,NULL,0,NULL,NULL,NULL,NULL,NULL,NULL,NULL,NULL,NULL,NULL,NULL,NULL,NULL,NULL,NULL,NULL,NULL,NULL,NULL,NULL,NULL,NULL,NULL,NULL,NULL,NULL,NULL,NULL,NULL,NULL,NULL,NULL,NULL,NULL,NULL,NULL,NULL,NULL,NULL,NULL,NULL
281,Directed Spells - Shock Bolt,AG,,,AG,directed spells,NULL,20,25,NULL,20,20,NULL,20,NULL,20,NULL,20,NULL,20,15,20,20,25,20,NULL,10,9,NULL,NULL,9,10,2/6,6,20,15,10,3/6,3,3,2/6,3,NULL,3,2/6,2/7,1/4,2/6,NULL,2/7,3/8,3/8,2/6,2/5,2/7,2/5,2/6,2/7,9,15,2/6,2/6,2/7,2/7,2/7
282,Directed Spells - Water Bolt,AG,,,AG,directed spells,NULL,20,25,NULL,20,20,NULL,20,NULL,20,NULL,20,NULL,20,15,20,20,25,20,NULL,10,9,NULL,NULL,9,10,2/6,6,20,15,10,3/6,3,3,2/6,3,NULL,3,2/6,2/7,1/4,2/6,NULL,2/7,3/8,3/8,2/6,2/5,2/7,2/5,2/6,2/7,9,15,2/6,2/6,2/7,2/7,2/7
283,Directed Spells - Fire Bolt,AG,,,AG,directed spells,NULL,20,25,NULL,20,20,NULL,20,NULL,20,NULL,20,NULL,20,15,20,20,25,20,NULL,10,9,NULL,NULL,9,10,2/6,6,20,15,10,3/6,3,3,2/6,3,NULL,3,2/6,2/7,1/4,2/6,NULL,2/7,3/8,3/8,2/6,2/5,2/7,2/5,2/6,2/7,9,15,2/6,2/6,2/7,2/7,2/7
284,Directed Spells - Lightning Bolt,AG,,,AG,directed spells,NULL,20,25,NULL,20,20,NULL,20,NULL,20,NULL,20,NULL,20,15,20,20,25,20,NULL,10,9,NULL,NULL,9,10,2/6,6,20,15,10,3/6,3,3,2/6,3,NULL,3,2/6,2/7,1/4,2/6,NULL,2/7,3/8,3/8,2/6,2/5,2/7,2/5,2/6,2/7,9,15,2/6,2/6,2/7,2/7,2/7
285,Directed Spells - Plasma Bolt,AG,,,AG,directed spells,NULL,20,25,NULL,20,20,NULL,20,NULL,20,NULL,20,NULL,20,15,20,20,25,20,NULL,10,9,NULL,NULL,9,10,2/6,6,20,15,10,3/6,3,3,2/6,3,NULL,3,2/6,2/7,1/4,2/6,NULL,2/7,3/8,3/8,2/6,2/5,2/7,2/5,2/6,2/7,9,15,2/6,2/6,2/7,2/7,2/7
286,Directed Spells - Nether Bolt,AG,,,AG,directed spells,NULL,20,25,NULL,20,20,NULL,20,NULL,20,NULL,20,NULL,20,15,20,20,25,20,NULL,10,9,NULL,NULL,9,10,2/6,6,20,15,10,3/6,3,3,2/6,3,NULL,3,2/6,2/7,1/4,2/6,NULL,2/7,3/8,3/8,2/6,2/5,2/7,2/5,2/6,2/7,9,15,2/6,2/6,2/7,2/7,2/7
287,Directed Spells - Ice Bolt,AG,,,AG,directed spells,NULL,20,25,NULL,20,20,NULL,20,NULL,20,NULL,20,NULL,20,15,20,20,25,20,NULL,10,9,NULL,NULL,9,10,2/6,6,20,15,10,3/6,3,3,2/6,3,NULL,3,2/6,2/7,1/4,2/6,NULL,2/7,3/8,3/8,2/6,2/5,2/7,2/5,2/6,2/7,9,15,2/6,2/6,2/7,2/7,2/7
288,Directed Spells - Stone Throw,AG,,,AG,directed spells,NULL,20,25,NULL,20,20,NULL,20,NULL,20,NULL,20,NULL,20,15,20,20,25,20,NULL,10,9,NULL,NULL,9,10,2/6,6,20,15,10,3/6,3,3,2/6,3,NULL,3,2/6,2/7,1/4,2/6,NULL,2/7,3/8,3/8,2/6,2/5,2/7,2/5,2/6,2/7,9,15,2/6,2/6,2/7,2/7,2/7
289,TWC: 2-H Sword/s-H Sword,ST,ST,AG,ST/ST/AG,arms,2-H,NULL,NULL,NULL,NULL,NULL,NULL,NULL,NULL,NULL,NULL,NULL,NULL,NULL,NULL,NULL,NULL,0,NULL,NULL,NULL,NULL,NULL,NULL,NULL,NULL,NULL,NULL,NULL,NULL,NULL,NULL,NULL,NULL,NULL,NULL,NULL,NULL,NULL,NULL,NULL,NULL,NULL,NULL,NULL,NULL,NULL,NULL,NULL,NULL,NULL,NULL,NULL,NULL,NULL,NULL,NULL,NULL,NULL
290,TWC: Dagger/Dagger,ST,ST,AG,ST/ST/AG,arms,1-HS,NULL,NULL,NULL,NULL,NULL,NULL,NULL,NULL,NULL,NULL,NULL,NULL,NULL,NULL,NULL,NULL,0,NULL,NULL,NULL,NULL,NULL,NULL,NULL,NULL,NULL,NULL,NULL,NULL,NULL,NULL,NULL,NULL,NULL,NULL,NULL,NULL,NULL,NULL,NULL,NULL,NULL,NULL,NULL,NULL,NULL,NULL,NULL,NULL,NULL,NULL,NULL,NULL,NULL,NULL,NULL,NULL,NULL
291,TWC: Mace/Mace,ST,ST,AG,ST/ST/AG,arms,1-HC,NULL,NULL,NULL,NULL,NULL,NULL,NULL,NULL,NULL,NULL,NULL,NULL,NULL,NULL,NULL,NULL,0,NULL,NULL,NULL,NULL,NULL,NULL,NULL,NULL,NULL,NULL,NULL,NULL,NULL,NULL,NULL,NULL,NULL,NULL,NULL,NULL,NULL,NULL,NULL,NULL,NULL,NULL,NULL,NULL,NULL,NULL,NULL,NULL,NULL,NULL,NULL,NULL,NULL,NULL,NULL,NULL,NULL
292,TWC: Scimitar/Dagger,ST,ST,AG,ST/ST/AG,arms,1-HS,NULL,NULL,NULL,NULL,NULL,NULL,NULL,NULL,NULL,NULL,NULL,NULL,NULL,NULL,NULL,NULL,0,NULL,NULL,NULL,NULL,NULL,NULL,NULL,NULL,NULL,NULL,NULL,NULL,NULL,NULL,NULL,NULL,NULL,NULL,NULL,NULL,NULL,NULL,NULL,NULL,NULL,NULL,NULL,NULL,NULL,NULL,NULL,NULL,NULL,NULL,NULL,NULL,NULL,NULL,NULL,NULL,NULL
293,TWC: Scimitar/Scimitar,ST,ST,AG,ST/ST/AG,arms,1-HS,NULL,NULL,NULL,NULL,NULL,NULL,NULL,NULL,NULL,NULL,NULL,NULL,NULL,NULL,NULL,NULL,0,NULL,NULL,NULL,NULL,NULL,NULL,NULL,NULL,NULL,NULL,NULL,NULL,NULL,NULL,NULL,NULL,NULL,NULL,NULL,NULL,NULL,NULL,NULL,NULL,NULL,NULL,NULL,NULL,NULL,NULL,NULL,NULL,NULL,NULL,NULL,NULL,NULL,NULL,NULL,NULL,NULL
294,TWC: Hand Axe/Hand Axe,ST,ST,AG,ST/ST/AG,arms,1-HS,NULL,NULL,NULL,NULL,NULL,NULL,NULL,NULL,NULL,NULL,NULL,NULL,NULL,NULL,NULL,NULL,0,NULL,NULL,NULL,NULL,NULL,NULL,NULL,NULL,NULL,NULL,NULL,NULL,NULL,NULL,NULL,NULL,NULL,NULL,NULL,NULL,NULL,NULL,NULL,NULL,NULL,NULL,NULL,NULL,NULL,NULL,NULL,NULL,NULL,NULL,NULL,NULL,NULL,NULL,NULL,NULL,NULL
295,Claws,ST,ST,AG,ST/ST/AG,arms,1-HS,NULL,NULL,NULL,NULL,NULL,NULL,NULL,NULL,NULL,NULL,NULL,NULL,NULL,NULL,NULL,NULL,0,NULL,NULL,NULL,NULL,NULL,NULL,NULL,NULL,NULL,NULL,NULL,NULL,NULL,NULL,NULL,NULL,NULL,NULL,NULL,NULL,NULL,NULL,NULL,NULL,NULL,NULL,NULL,NULL,NULL,NULL,NULL,NULL,NULL,NULL,NULL,NULL,NULL,NULL,NULL,NULL,NULL
296,Katana,ST,ST,AG,ST/ST/AG,arms,1-HS,NULL,NULL,NULL,NULL,NULL,NULL,NULL,NULL,NULL,NULL,NULL,NULL,NULL,NULL,NULL,NULL,0,NULL,NULL,NULL,NULL,NULL,NULL,NULL,NULL,NULL,NULL,NULL,NULL,NULL,NULL,NULL,NULL,NULL,NULL,NULL,NULL,NULL,NULL,NULL,NULL,NULL,NULL,NULL,NULL,NULL,NULL,NULL,NULL,NULL,NULL,NULL,NULL,NULL,NULL,NULL,NULL,NULL
400,zz_Weapon1,,,,NULL,arms,NULL,NULL,1/5,NULL,NULL,3/8,NULL,3/9,NULL,1/5,NULL,3/7,NULL,2/5,4/8,2/7,2/7,1,4,NULL,3/9,3/7,NULL,NULL,5,3/9,3/9,2/5,2/5,3/7,3/7,2/7,6,6,9,5,NULL,9,9,8,9,6,NULL,9,9,4/10,9,9,8,9,9,9,4/8,3/9,9,9,6,8,6
401,zz_Weapon2,,,,NULL,arms,NULL,NULL,2/5,NULL,NULL,3/8,NULL,5,NULL,2/5,NULL,3/8,NULL,3/8,6,3/8,3/8,1,6,NULL,6,4,NULL,NULL,8,4,6,3/8,3/8,4,5,3/8,7,7,20,8,NULL,20,20,8,20,8,NULL,20,12,8,20,20,20,20,20,20,6,5,20,20,7,10,15
402,zz_Weapon3,,,,NULL,arms,NULL,NULL,3/8,NULL,NULL,4,NULL,6,NULL,2/7,NULL,4,NULL,3/9,9,4,3/9,2,8,NULL,7,6,NULL,NULL,8,6,7,4,4,6,7,3/9,9,9,20,8,NULL,20,20,15,20,15,NULL,20,15,8,20,20,20,20,20,20,6,6,20,20,9,15,20
403,zz_Weapon4,,,,NULL,arms,NULL,NULL,4,NULL,NULL,6,NULL,8,NULL,2/7,NULL,8,NULL,3/9,15,4,4,2,8,NULL,7,6,NULL,NULL,8,6,7,4,4,6,7,5,9,9,20,8,NULL,20,20,20,20,20,NULL,20,20,8,20,20,20,20,20,20,7,6,20,20,9,20,20
404,zz_Weapon5,,,,NULL,arms,NULL,NULL,4,NULL,NULL,6,NULL,9,NULL,2/7,NULL,8,NULL,3/9,20,4,5,2,8,NULL,7,6,NULL,NULL,15,6,7,4,4,6,7,9,9,9,20,9,NULL,20,20,20,20,20,NULL,20,20,15,20,20,20,20,20,20,7,9,20,20,9,20,20
405,zz_Weapon6,,,,NULL,arms,NULL,NULL,6,NULL,NULL,9,NULL,10,NULL,5,NULL,8,NULL,6,20,6,6,5,15,NULL,15,9,NULL,NULL,15,9,15,6,6,9,10,12,20,20,20,15,NULL,20,20,20,20,20,NULL,20,20,15,20,20,20,20,20,20,7,15,20,20,20,20,20
