1,Acrobatics,AG,QU,,AG/QU,athletic,NULL,3,2/7,2/5,1/3,1/2,2/5,2/5,1/4,5,1/3,2/6,1/3,2/6,2/5,3,1/4,1/5,1/3,2/6,2/6,2/7,3,3,3,3,3,3,2/7,2/7,2/7,2/7,3/7,5,3/7,3/7,3,3/7,3,3,3,4,1/4,2/5,NULL,NULL,NULL,NULL,NULL
2,Acting,PR,EM,,PR/EM,subterfuge,NULL,3/6,2/7,2/6,2/5,2/5,2/6,2/5,1/3,2/5,2/5,1/3,2/5,1/5,2/6,3/6,2/6,2/6,2/5,3/6,2/6,3/6,3/6,2/7,3/6,3/6,3/5,1/3,2/7,2/7,2/7,2/7,2/6,2/6,2/6,2/6,2/7,2/6,1/2,2/5,1/4,2/7,1/3,2/6,NULL,NULL,NULL,NULL,NULL
3,Administration,RE,PR,,RE/PR,academic,NULL,2/5,6,7,2/6,2/5,2/6,6,2/6,1/3,2/5,1/3,3/7,1/5,7,2/5,2/6,3/7,2/5,2/5,5,2/5,2/5,2/5,2/5,2/5,2/5,2/5,2/4,6,2/5,6,2/5,1/2,2/5,2/5,2/5,2/5,2/5,2/5,2/4,5,2/6,5,NULL,NULL,NULL,NULL,NULL
4,Adrenal Move: Balance,PR,SD,,PR/SD,concentration,NULL,6,5,2/4,1/3,1/2,2/6,1/3,2/6,5,2/6,2/6,1/3,2/7,2/7,2/7,1/4,2/4,2/7,3/9,2/7,3/7,5,5,6,6,6,6,5,5,5,5,3,7,3,3,5,5,5,5,5,5,3/8,2/6,NULL,NULL,NULL,NULL,NULL
5,Adrenal Move: Landing,PR,SD,,PR/SD,concentration,NULL,6,5,2/4,1/3,1/2,2/6,1/3,2/6,5,2/6,2/6,1/3,2/7,2/7,2/7,1/4,2/4,2/4,3/9,2/7,3/7,5,5,6,6,6,6,5,5,5,5,3,7,3,3,5,5,5,5,5,5,3/8,2/6,NULL,NULL,NULL,NULL,NULL
6,Adrenal Move: Leaping,PR,SD,,PR/SD,concentration,NULL,6,5,2/4,1/3,1/3,2/6,1/3,2/6,5,2/6,2/6,1/3,2/7,2/7,2/7,1/4,2/4,2/4,3/9,2/7,3/7,5,5,6,6,6,6,5,5,5,5,3,8,3,3,5,5,5,5,5,5,3/8,2/6,NULL,NULL,NULL,NULL,NULL
7,Adrenal Move: Quick Draw,PR,SD,,PR/SD,concentration,NULL,4,3,1/4,1/2,1/2,2/4,1/2,2/4,4,2/4,2/4,1/2,2/4,1/4,2/4,1/4,1/4,1/4,2/4,2/4,2/4,5,3,4,4,4,4,3,3,3,3,3,7,3,3,3,3,3,3,3,3,3/8,2/6,NULL,NULL,NULL,NULL,NULL
8,Adrenal Move: Speed,PR,SD,,PR/SD,concentration,NULL,6,5,2/4,1/3,1/3,2/6,1/3,2/6,5,2/6,2/6,1/3,2/7,2/7,1/3,2/4,2/4,2/4,3/9,2/7,3/7,5,5,6,6,6,6,5,5,5,5,3,7,3,3,5,5,5,5,5,5,3/8,2/6,NULL,NULL,NULL,NULL,NULL
9,Adrenal Move: Strength,PR,SD,,PR/SD,concentration,NULL,6,5,2/4,1/3,1/5,2/6,1/3,2/6,5,2/6,2/6,1/3,2/7,2/7,2/7,1/5,2/4,2/4,3/9,2/7,3/7,5,5,6,6,6,6,5,5,5,5,3,8,3,3,5,6,5,5,5,5,3/8,2/6,NULL,NULL,NULL,NULL,NULL
10,Advanced Math,RE,ME,,RE/ME,academic,NULL,2/5,3/7,7,3/7,5,4/8,7,4/7,1/4,3/8,2/4,4/7,3/6,7,3/6,3/7,3/6,3/8,3/7,3/7,3/7,3/7,3/6,3/7,2/6,3/7,3/5,3/6,3/7,3/6,3/7,3/5,1/3,3/6,3/6,2/3,3/7,3/6,3/7,3/7,3/7,4/7,3/7,NULL,NULL,NULL,NULL,NULL
11,Advertising,IN,RE,,IN/RE,general,NULL,3/5,2/6,4,2/4,1/4,3/6,6,2/4,1/4,2/4,2/6,1/5,1/5,3/6,3/6,1/4,3/6,3/5,3/6,3/6,3/6,3/6,3/6,3/5,3/6,3/6,2/4,2/5,2/6,2/6,1/4,3/6,1/4,3/5,3/5,3/6,3/6,3/6,3/6,2/4,1/4,2/4,3/6,NULL,NULL,NULL,NULL,NULL
12,Alchemy,RE,ME,,RE/ME,academic,NULL,1/3,2/6,3/9,2/6,3/7,3/7,3/6,3/5,1/4,2/6,2/5,3/9,2/4,3/5,1/4,3/7,2/5,2/6,2/7,3/7,3/5,2/4,2/5,2/4,2/6,2/5,2/7,2/4,3/6,3/6,3/6,1/2,1/3,2/6,2/6,2/4,3/5,2/4,2/6,2/6,1/4,3/5,3/7,NULL,NULL,NULL,NULL,NULL
13,Ambush,NA,,,NA,deadly,NULL,9,6,2/5,1/3,2/5,3/8,2/5,2/5,3/9,1/3,4,3/9,6,3,6,3,4,3,9,3,9,,9,9,9,7,5,9,6,9,9,9,9,9,9,9,9,4,9,6,9,1/2,3/8,NULL,NULL,NULL,NULL,NULL
14,Animal Handling,EM,PR,,EM/PR,outdoor,NULL,2/5,1/2,1/3,3/6,2/7,1/4,2/6,1/4,2/5,2/5,1/3,2/6,1/5,1/2,2/5,3,2/5,2/5,1/4,1/3,1/5,4,2/7,2/5,2/5,2/4,2/5,2,1/2,2,2/4,2,3,2,2,2,3,2/6,2,2/4,1/4,3,1/3,NULL,NULL,NULL,NULL,NULL
15,Animal Healing,EM,RE,,EM/RE,medical,NULL,2/5,1/4,2/6,2/6,2/6,2/6,2/6,2/5,2/5,2/6,2/6,2/5,2/5,2/6,2/5,2/5,2/5,1/5,2/5,2/6,2/6,,2/6,2/6,2/6,2/6,2/6,1/5,1/4,1/3,1/2,1/2,2/5,2/6,2/5,2/6,4,2/5,2/6,3/6,2/4,3,2/6,NULL,NULL,NULL,NULL,NULL
16,Animal Training,EM,PR,,EM/PR,outdoor,NULL,4,1/3,1/3,3/8,2/7,3/7,3/8,3/6,2/6,3/7,1/4,3/8,3/7,1/2,4,3,4,3/8,3/7,3/7,2/6,4,4,4,4,4,4,4,1/3,4,4,3,3,3,3,4,4,4,4,4,2,3,3/7,NULL,NULL,NULL,NULL,NULL
17,Anthropology,IN,EM,,IN/EM,academic,NULL,2/5,2/5,7,3,3,3,3/7,3,1/4,3,3,2/6,1/4,6,1/5,3,2/6,3/6,2/6,2/6,2/6,2/5,2/5,2/5,2/5,2/5,2/5,2/5,2/5,2/5,2/5,2/5,1/3,2/5,2/5,2/5,2/7,2/5,2/5,1/5,2/5,3,2/6,NULL,NULL,NULL,NULL,NULL
18,Appraisal,RE,ME,,RE/ME,general,NULL,1/2,2,3/6,1/2,1/4,2/5,2/5,2/4,1/4,1/4,1/2,2,1/3,2/5,1/2,3,2/5,1/4,1/4,1/4,3/7,3/7,2,3/7,3/7,3/7,3/7,2,2,2,2/4,2,2/5,2,2/5,2,2/5,3/5,2,2,2,2/4,1/4,NULL,NULL,NULL,NULL,NULL
19,Architecture,RE,ME,,RE/ME,academic,NULL,2/5,3/6,5,2/5,3,3/6,4,2/5,1/3,2/4,2/5,3/6,2/5,5,2/5,4,3/6,2/4,2/5,3/6,3/5,2/5,2/5,2/5,2/5,2/5,2/5,2/4,3/6,2/5,3/6,2/5,1/3,2/5,2/5,2/5,4,2/5,2/5,4,2/5,2/5,3/6,NULL,NULL,NULL,NULL,NULL
20,Armor Evaluation,IN,RE,,IN/RE,general,NULL,1/3,2,1/3,1/3,2/7,1/2,2/5,1/3,3,1/3,1/3,3,2/5,1/2,1/3,6,3/6,1/3,1/3,1/4,2/4,4,3/6,4,4,3,4,2,2,2,2,5,4,3,2/6,4,3/7,3,3,3,3,1/3,1/4,NULL,NULL,NULL,NULL,NULL
21,Astronomy,ME,RE,,ME/RE,academic,NULL,3/7,2/4,3/7,3/7,3/7,3/7,7,3/7,1/4,3/7,2/5,3/7,3/6,3/7,3/5,3/7,3/6,3/7,3/6,3/5,2/8,3/7,2/5,3/7,3/7,2/5,3/7,2/4,2/4,2/5,2/4,3/7,1/3,3/7,2/4,2/3,6,2/5,3/6,1/5,2/4,3/7,3/5,NULL,NULL,NULL,NULL,NULL
22,Athletic Games,ST,AG,QU,ST/AG/QU,athletic,NULL,7,4,1/4,1/5,1/4,1/4,1/5,1/5,7,1/5,2/6,1/5,2/6,1/5,3/7,3/6,1/5,2/6,1/5,1/4,2/6,7,7,6,7,6,7,5,3,6,7,6,9,5,4,7,8,7,7,4,7,1/5,1/4,NULL,NULL,NULL,NULL,NULL
23,Attunement,EM,IN,,EM/IN,magical,NULL,1/3,2/6,8,7,8,9,7,8,4,7,5,9,6,6,5,6,5,7,9,6,3/7,1/4,2/5,1/4,1/4,1/4,1/4,2/5,2/5,3/7,2/5,2/6,2/5,2/5,2/6,2/6,2/5,2/5,2/5,2/5,2/5,9,6,NULL,NULL,NULL,NULL,NULL
24,Basic Math,RE,ME,,RE/ME,academic,NULL,1/4,2/6,3/7,2/6,3/9,3/7,6,3/6,1/4,2/7,1/3,3/6,2/5,3/6,2/5,2/6,2/5,2/7,2/6,2/6,2/6,2/6,1/5,2/6,1/5,2/6,2/4,2/5,2/6,2/6,2/6,2/4,1/2,2/5,2/5,1/2,2/6,2/5,2/6,2/6,2/6,3/6,2/6,NULL,NULL,NULL,NULL,NULL
25,Beast Mastery,EM,PR,,EM/PR,outdoor,NULL,5,2/5,3/7,5,3/8,4,4,4,4,4,4,4,4,1/2,5,4,4,5,4,4,4,2/5,5,4,4,4,4,5,2/4,5,3/6,4,4,4,4,5,5,4,5,1/4,2/5,4,4,NULL,NULL,NULL,NULL,NULL
26,Begging,PR,EM,,PR/EM,subterfuge,NULL,2/6,3/6,3/7,1/4,1/5,2/6,3/7,2/4,2/4,1/4,1/4,2/6,1/5,2/6,2/6,1/4,2/6,1/4,3/6,2/6,2/6,2/6,2/6,2/6,2/6,2/6,2/6,2/6,3/6,2/6,2/6,2/5,2/7,2/5,2/5,2/5,4,2/4,2/6,2/6,2/6,2/4,2/6,NULL,NULL,NULL,NULL,NULL
27,Biochemistry,IN,RE,,IN/RE,academic,NULL,5,2/5,4,5,4,5,5,5,1/4,5,5,5,5,4,5,4,5,5,5,5,3/5,5,7,5,5,5,5,5,2/5,2/4,2/7,2/4,1/3,5,5,5,3/7,5,6,2/6,2/6,5,5,NULL,NULL,NULL,NULL,NULL
28,Boat Pilot,ME,AG,,ME/AG,academic,NULL,2/6,1/5,1/3,2/6,3/7,2/6,3/6,2/6,1/4,2/6,2/3,2/6,2/6,2/4,2/6,3/7,2/6,2/6,2/6,1/4,2/5,2/6,2/6,2/6,2/6,2/6,2/6,2/5,1/5,3/6,2/5,2/6,1/3,2/6,1/4,2/4,3/7,2/6,2/6,3/7,2/5,2/6,1/4,NULL,NULL,NULL,NULL,NULL
29,Body Damage Stablize,SD,EM,,SD/EM,concentration,NULL,3/5,2/4,3/6,2/5,3/6,3/8,1/4,3/7,3/6,3/6,3/8,1/4,2/5,2/5,1/4,1/5,1/3,1/3,1/5,1/4,3/6,3,2/5,3/5,3/5,2/6,3/5,1/4,2/4,1/2,1/2,1/2,3/5,1/4,1/3,2/5,3/7,1/3,2/5,1/4,2/4,3/7,1/4,NULL,NULL,NULL,NULL,NULL
30,Body Development,CO,,,CO,body development,NULL,6,4,1/3,3/7,1/5,1/3,2/7,2/5,7,3/7,2/6,2/7,3/8,2/7,4/7,2/6,3/7,3/8,2/5,2/7,2/8,8,8,8,8,7,8,6,4,1/3,2/4,6,6,6,6,6,8,8,8,8,6,2/7,1/5,NULL,NULL,NULL,NULL,NULL
31,Brawling,RE,IN,,RE/IN,arms,NULL,18,7,2/5,2/7,3/5,2/6,8,1/5,18,2/7,2/5,8,5,2/6,18,5,8,2/7,3/6,5,6,18,18,18,18,18,18,7,5,18,18,8,20,8,15,18,20,18,18,15,18,2/7,2/6,NULL,NULL,NULL,NULL,NULL
32,Bribery,PR,RE,,PR/RE,subterfuge,NULL,2/6,3/6,3/7,1/3,1/4,2/6,2/5,3/5,3/8,2/4,2/4,1/4,1/3,2/6,1/5,2/6,2/6,1/4,3/6,2/6,2/6,2/6,2/6,2/6,2/6,2/6,2/6,2/6,3/6,2/6,2/6,2/5,1/5,2/5,2/5,2/5,2/4,2/4,2/6,1/4,2/6,1/4,2/6,NULL,NULL,NULL,NULL,NULL
33,Camouflage,RE,IN,,RE/IN,subterfuge,NULL,6,3,1/4,3/7,2/6,2/5,3/5,1/3,3/7,1/3,2/5,2/4,2/7,2/5,6,2/6,2/7,1/3,2/5,1/5,2/7,5,6,5,5,5,3,5,3,6,6,6,6,5,6,6,4,2,6,3,6,1/3,1/5,NULL,NULL,NULL,NULL,NULL
34,Caving,SD,RE,,SD/RE,outdoor,NULL,3,2/7,2/6,1/4,2/6,2/6,6,2/4,2/6,1/4,2/6,2/5,2/6,2/6,3/6,2/6,2/6,3/6,3/6,2/6,3/7,3,3,3,3,3,3,2/7,2/7,2/7,2/7,3,3,3,1/2,3,1/3,3,2/5,3,2/7,2/4,2/6,NULL,NULL,NULL,NULL,NULL
35,Channeling,IN,,,IN,magical,NULL,7,2/5,25,20,19,25,20,20,15,20,20,19,13,13,13,2/7,13,20,3,3,10,2/5,2/5,7,7,7,7,1/4,2/5,2/5,1/5,8,8,8,8,1/5,8,8,2/5,2/6,1/4,20,25,NULL,NULL,NULL,NULL,NULL
36,Circle Lore,ME,RE,,ME/RE,magical,NULL,2/4,1/4,7,4,5,6,4,5,3/6,4,6,5,3/6,6,2/4,3/8,3/6,4,3/6,3/6,2/7,1/4,1/4,1/4,1/3,1/3,2/4,2/4,1/5,2/5,2/4,2/5,1/4,2/5,2/7,2/5,2/4,2/5,2/5,1/4,1/4,6,6,NULL,NULL,NULL,NULL,NULL
37,Climbing,AG,,,AG,athletic,NULL,7,4,2/6,1/3,2/5,3/7,2/6,3/7,6,2/5,4,3/7,3/9,2/5,3/7,2/5,3/7,3/7,6,3/9,3/9,7,7,6,7,6,7,5,4,6,5,6,7,5,4,7,5,7,7,4,5,1/5,3/7,NULL,NULL,NULL,NULL,NULL
38,Contortions,AG,SD,,AG/SD,athletic,NULL,5,2/6,2/6,1/3,1/2,2/6,2/5,2/4,4,1/3,2/6,1/2,2/5,2/6,5,1/4,2/4,1/3,2/5,2/6,3/7,5,5,5,5,5,4,3/7,2/6,2/6,2/6,3,4,3,3,5,2/6,4,5,4,3/7,1/3,2/6,NULL,NULL,NULL,NULL,NULL
39,Control Lycanthropy,SD,,,SD,concentration,NULL,3/6,2/4,2/4,1/3,2/6,2/6,1/3,2/6,3/7,2/6,2/6,1/3,2/6,2/6,2/6,1/3,2/6,2/6,1/4,2/6,2/6,1/3,2/5,1/4,2/4,1/5,2/4,1/4,2/4,1/2,1/2,1/4,3/7,1/4,1/2,2/5,2/6,1/3,2/4,1/2,2/4,2/6,2/6,NULL,NULL,NULL,NULL,NULL
40,Cookery,RE,AG,,RE/AG,general,NULL,1/2,1/4,2/5,1/5,1/5,2/5,6,2/5,1/4,1/5,1/3,2/5,2/6,2/5,1/3,2/6,2/6,1/5,2/6,2/4,2/6,2/6,2/4,2/6,2/6,2/6,2/6,2/4,1/4,1/5,2/4,1/2,2/5,2/6,2/6,2/6,2/5,2/6,2/5,2/4,1/2,2/4,2/5,NULL,NULL,NULL,NULL,NULL
41,Crafting,AG,SD,,AG/SD,general,NULL,1/2,2/6,2/6,1/4,2/5,2/5,2/5,2/4,1/5,1/5,1/4,2/5,3/5,2/4,1/3,3,1/4,2/6,2/4,2/4,2/5,2/5,2/6,2/5,1/5,2/4,2/4,2/6,2/6,2/6,2/6,3/6,2/6,2/4,2/5,2/6,2/6,2/6,2/5,2/6,2/6,2/4,2/4,NULL,NULL,NULL,NULL,NULL
42,Dance,AG,IN,,AG/IN,athletic,NULL,2/6,1/5,2/6,2/4,1/2,2/6,6,2/4,2/6,2/4,2/6,2/4,1/3,2/6,2/6,1/5,1/5,2/4,2/5,2/5,2/6,2/6,2/7,2/6,2/6,2/6,2/6,1/5,1/5,2/4,1/4,2/6,2/6,2/6,2/5,2/5,2/6,2/4,2/6,2/6,1/4,2/4,2/6,NULL,NULL,NULL,NULL,NULL
43,Demon/Devil Lore,ME,RE,,ME/RE,academic,NULL,1/3,1/4,5,3,3,5,4,4,1/4,3,4,4,2/5,5,1/4,2/4,1/3,3,2/4,2/5,2/6,1/2,1/2,1/2,1/3,1/3,1/2,1/3,1/4,2/5,1/3,2/6,1/3,1/4,1/4,2/5,2/4,1/3,1/3,1/3,1/2,4,2/5,NULL,NULL,NULL,NULL,NULL
44,Detect Traps,IN,,,IN,perception,NULL,2/5,3,2/5,1/2,1/4,2/4,1/4,1/3,2/4,1/2,1/4,1/4,1/4,2/4,2/5,3/7,2/5,1/2,1/4,1/3,2/6,3,3,3,3,3,1/4,3,2/4,3,3,3,3,3,1/4,2/5,3/6,,3,1/4,3,1/3,1/3,NULL,NULL,NULL,NULL,NULL
45,Diagnostics,IN,RE,,IN/RE,medical,NULL,2,1/4,3,3,1/5,3,2/5,3,2/5,3,3,2/5,1/4,3,2,2/5,1/4,3,1/4,1/4,3,2,3/6,3/6,3/6,3/6,3/6,2/5,1/4,1/2,1/3,1/2,1/5,3/6,2/5,3/6,2/6,3/5,2/4,3/6,2/5,3,3,NULL,NULL,NULL,NULL,NULL
46,Diplomacy,PR,IN,,PR/IN,social,NULL,2/5,2/5,3/6,2/4,2/4,2/5,2/4,2/5,1/4,2/5,1/3,2/5,1/4,2/5,2/5,2/6,2/6,2/5,1/4,2/6,2/4,2/4,3/8,2/4,2/4,2/5,2/4,1/4,3/8,2/4,1/5,2/5,2/6,2/4,1/5,1/5,2/5,2/5,2/6,1/4,3/6,1/3,2/6,NULL,NULL,NULL,NULL,NULL
48,Direction Sense,IN,RE,,IN/RE,perception,NULL,2/4,1/4,1/4,1/4,1/4,1/4,1/3,1/4,2/4,1/4,1/3,1/3,1/4,1/4,2/4,1/4,2/4,1/4,2/4,1/2,1/5,2/4,2/4,2/4,1/4,1/5,1/4,2/4,1/4,2/4,2/4,2/4,1/3,1/3,1/3,1/2,1/2,1/4,2/4,2/5,2/5,1/4,1/2,NULL,NULL,NULL,NULL,NULL
49,Disarm Foe: Armed,AG,NULL,NULL,AG,arms,NULL,6,5,2/5,2/5,3/6,2/5,1/3,2/5,7,2/5,4,2/3,5,2/5,6,5,3,2/5,2/5,4,4,6,6,6,6,6,5,5,5,7,7,7,9,6,6,6,9,6,6,5,5,2/5,2/5,NULL,NULL,NULL,NULL,NULL
50,Disarm Foe: Unarmed,AG,NULL,NULL,AG,arms,NULL,9,7,3/8,2/4,2/5,3/6,1/4,3/6,6,3/7,5,1/5,6,3/6,9,4,2/4,3/7,4,5,6,9,8,9,9,9,9,7,7,9,9,3,9,3,3,8,9,8,9,7,7,3/6,3/6,NULL,NULL,NULL,NULL,NULL
51,Disarm Trap,IN,AG,,IN/AG,subterfuge,NULL,4,8,2/5,1/3,3,3/8,3/6,2/5,3/9,1/3,3/6,3/9,4,2/6,1/5,5,4,3/7,7,4,4,7,7,7,7,7,8,7,7,8,7,8,8,7,7,7,6,7,7,7,8,2/5,2/5,NULL,NULL,NULL,NULL,NULL
52,Disguise,PR,SD,,PR/SD,subterfuge,NULL,3/6,2/7,3/7,1/3,1/3,2/6,1/4,2/5,2/7,1/3,1/4,2/5,1/5,2/6,3/6,2/6,2/6,1/3,3/6,2/6,2/6,3/6,2/7,3/6,3/6,3/6,1/3,2/7,2/7,2/7,2/7,2/6,2/7,2/6,2/6,2/7,5,1/2,2/7,2/5,2/7,1/3,2/6,NULL,NULL,NULL,NULL,NULL
53,Distance Running,CO,,,CO,athletic,NULL,3,3,2/4,1/3,1/4,2/4,1/4,2/5,3,1/3,2/5,1/5,2/6,2/5,3,1/2,2/6,1/3,2/5,2/6,2/7,3,3,3,3,3,3,3,3,3,3,3,3,3,3,3,3,3,3,3,4,2/5,2/4,NULL,NULL,NULL,NULL,NULL
54,Divination,IN,EM,,IN/EM,magical,NULL,2/4,2/4,3/6,3/6,3/5,3/6,3/5,3/6,2/5,3/6,2/5,3/5,3/5,3/5,3/5,3/5,3/5,3/5,3/5,3/5,3/6,2/4,2/5,2/4,1/4,1/4,2/4,1/5,2/5,2/5,1/4,2/5,1/4,2/4,1/3,1/4,1/5,1/4,1/5,1/4,1/3,3/6,3/6,NULL,NULL,NULL,NULL,NULL
55,Diving,SD,AG,,SD/AG,athletic,NULL,3,2/5,2/6,1/3,1/3,2/6,2/5,2/4,3,1/3,2/5,1/4,2/5,2/4,3,1/3,2/4,2/4,2/6,2/5,2/6,3,3,3,3,3,3,2/5,2/5,2/5,3,3,3,3,3,3,3,3,3,3,4,1/3,2/6,NULL,NULL,NULL,NULL,NULL
56,Dowsing,EM,,,EM,concentration,NULL,2/5,1/3,2/5,3/6,3/6,3/7,2/5,3/6,3/6,3/5,3/5,2/5,2/5,3/7,2/5,2/4,2/4,3/5,3/6,2/4,3/7,1/3,1/4,1/3,2/5,2/5,2/5,2/4,1/2,2/5,1/5,2/5,3/6,2/4,1/4,2/5,1/4,1/4,2/5,3/6,2/6,3/6,2/4,NULL,NULL,NULL,NULL,NULL
57,Drafting,RE,ME,,RE/ME,academic,NULL,1/3,3/7,3/6,2/5,2/5,3/6,2/4,2/5,1/4,2/4,2/4,2/4,2/4,2/5,1/4,3,1/3,2/4,3/7,3/7,2/5,2/4,2/5,2/5,1/3,2/5,2/5,2/4,3/6,3/6,3/6,3/6,1/3,2/4,2/4,2/4,3/7,2/4,2/5,3/7,3/6,2/5,3/7,NULL,NULL,NULL,NULL,NULL
58,Dragon Lore,ME,RE,,ME/RE,academic,NULL,1/3,1/3,2,4,5,2,5,2,1/4,4,4,3,2/5,4,1/4,2/5,2/5,2,1/4,1/3,2/7,1/3,1/3,1/3,1/3,1/3,1/3,1/4,1/3,2/5,1/5,2/6,1/3,2/4,3/4,1/4,2/5,1/4,2/4,2/4,1/4,2,3,NULL,NULL,NULL,NULL,NULL
59,Driving,AG,QU,,AG/QU,outdoor,NULL,3,2,1/3,2/6,2/7,1/4,2/6,1/5,2/6,2/6,1/2,2/6,2/7,1/4,3,3,2/7,3,2/6,2/7,2/4,4,3,3,3,3,3,3,2,3,3,3,3,3,3,3,5,3,3,3,3,1/5,2/7,NULL,NULL,NULL,NULL,NULL
60,Drug Tolerance,CO,SD,,CO/SD,medical,NULL,2/5,3,3,3/5,2/3,3/5,1/5,2/6,2/4,1/4,2/6,2/5,2/5,3,3/6,2/5,1/5,1/3,3/6,3/6,3/5,3/6,3/6,3/6,3/6,3/6,3/6,3/6,3,2/5,2/5,2/5,3/6,3/6,3/6,3/6,3/5,3/6,3/6,2/5,2/5,1/4,3/5,NULL,NULL,NULL,NULL,NULL
61,Duping,PR,,,PR,social,NULL,3/5,3/6,2/4,2/4,1/4,2/6,3/7,1/4,2/6,2/4,1/3,2/6,1/4,2/6,3/5,3/5,2/6,2/4,2/4,2/6,2/7,3/5,2/5,3/5,2/5,2/5,3/5,3/6,3/6,3/6,2/4,2/6,2/4,2/6,2/4,2/6,2/6,1/4,2/5,1/4,1/4,1/4,2/6,NULL,NULL,NULL,NULL,NULL
62,Engineering,RE,ME,,RE/ME,academic,NULL,1/2,3/7,3/6,1/4,3,3/6,2,2/5,1/3,1/4,2/5,2,2/4,2/5,1/3,4,2/5,1/4,3/5,3/7,3/5,2/6,2/6,2/6,2/5,2/6,2/6,2/6,4,3/7,4,3/9,1/2,2/6,2/6,2/5,4,2/6,2/6,4,4,2/5,3/7,NULL,NULL,NULL,NULL,NULL
63,Faerie Lore,ME,RE,,ME/RE,academic,NULL,1/3,1/4,3,4,5,6,4,4,1/4,3,4,3,1/4,6,1/4,2/5,2/4,3,2/5,1/4,3/5,1/2,1/3,1/2,1/3,1/4,1/3,1/4,1/4,2/5,1/4,2/6,1/3,1/4,1/4,1/3,2/4,1/2,2/4,1/4,1/4,4,1/4,NULL,NULL,NULL,NULL,NULL
64,Falsification,SD,RE,,SD/RE,subterfuge,NULL,1/3,3,3,1/3,1/5,3,6,2/4,1/3,1/3,1/4,1/4,3,3,1/4,5,3,1/3,6,3,3,3,3,3,3,3,2/4,3,3,3,3,2/6,2/4,3,3,3,4,2/4,3,2/6,3,2/4,3,NULL,NULL,NULL,NULL,NULL
65,Fauna Lore,ME,RE,,ME/RE,academic,NULL,1/4,1/2,2/4,5,4,3,3,2,1/4,2,1/4,2/6,1/4,2,1/5,2/5,2/4,3,2/5,1/4,2/6,2/5,2/6,2/5,2/5,2/5,2/5,1/4,1/5,1/3,1/2,1/3,1/3,2/6,2/5,2/6,2/4,1/4,2/6,1/5,1/4,2,1/4,NULL,NULL,NULL,NULL,NULL
66,First Aid,SD,EM,,SD/EM,medical,NULL,2/5,1/5,2/6,2/6,2/6,2/6,2/6,2/6,1/4,2/6,2/6,2/6,2/6,2/6,2/5,1/4,2/6,2/6,1/5,2/4,2/6,2/6,3/6,2/6,2/6,2/6,2/6,1/5,1/5,1/2,1/2,1/2,2/4,2/6,2/6,2/6,2/6,2/6,3/6,3/6,2/4,2/6,2/6,NULL,NULL,NULL,NULL,NULL
67,Fletching,AG,SD,,AG/SD,general,NULL,1/3,2/5,2/4,2/4,3/8,2/4,6,2/4,3,2/4,2/5,2/5,2/5,1/4,1/3,3,2/5,2/6,2/5,2/5,2/5,2/7,3/5,2/6,2/6,2/6,2/7,2/5,2/4,2/6,2/5,2/5,3,2/6,2/6,3/6,3,3/6,2/6,3/5,3/7,2/4,2/5,NULL,NULL,NULL,NULL,NULL
68,Flora Lore,ME,RE,,ME/RE,academic,NULL,1/4,1/2,2/4,5,4,3,3,2,1/4,2,1/4,2/6,2/4,2,1/5,2/5,2/5,3,2/4,1/2,2/6,2/5,2/6,2/5,2/5,2/5,2/5,1/4,1/5,1/3,1/2,1/3,1/3,2/5,2/5,2/6,2/5,1/4,2/6,1/5,1/4,2,1/2,NULL,NULL,NULL,NULL,NULL
69,Fying/Gliding,ME,RE,,ME/RE,athletic,NULL,3,3,3/6,1/5,2/4,3/6,2/5,2/6,3,1/5,2/6,2/5,2/6,2/6,3,2/5,2/5,1/5,2/6,2/6,2/5,3,3,3,3,3,3,2/7,2/7,2/7,3,3,3,3,3,3,3,3,3,3,1/4,2/6,3/6,NULL,NULL,NULL,NULL,NULL
70,Foraging,IN,ME,,IN/ME,outdoor,NULL,2/5,1/5,2/6,2/6,2/6,2/6,6,2/5,2/6,2/6,2/5,2/6,2/6,1/4,2/5,2/4,2/6,2/6,2/6,1/3,2/6,2/6,2/6,2/6,2/6,2/6,2/7,2/5,1/5,2/5,2/5,2/5,2/6,2/6,1/4,2/6,2/6,2/6,2/6,2/6,2/5,2/5,1/3,NULL,NULL,NULL,NULL,NULL
71,Frenzy,EM,SD,,EM/SD,concentration,NULL,6,3,2/6,2/6,2/5,2/6,2/5,2/6,6,2/6,2/6,2/5,2/6,2/6,6,1/5,1/3,2/6,2/5,2/6,4,5,3/6,5,5,5,5,3,3,3,3,2/5,8,2/4,6,5,9,3,4,1/5,5,2/6,2/6,NULL,NULL,NULL,NULL,NULL
72,Gambling,ME,PR,,ME/PR,social,NULL,2/6,2/6,2/5,1/3,1/3,2/4,2/6,1/4,2/5,1/3,1/4,2/4,2/6,2/4,2/6,3/5,2/6,1/3,3/6,2/6,2/5,2/6,2/7,2/4,2/6,2/6,2/5,1/4,2/6,2/4,2/4,2/5,2/4,2/5,1/3,1/5,2/4,2/5,2/5,2/4,2/5,2/5,2/6,NULL,NULL,NULL,NULL,NULL
73,General Perception,IN,IN,RE,IN/IN/RE,perception,NULL,3,3,2/4,1/3,2/4,2/5,2/5,1/3,13,1/3,1/3,2/5,2/7,2/7,2/7,2/4,2/7,2/7,3/7,2/7,2/6,2,3,3,3,2,2,3,3,3,3,3,2,3,1/3,2,2,2,3,2/7,3,1/3,1/3,NULL,NULL,NULL,NULL,NULL
74,Gimmickry,IN,RE,,IN/RE,general,NULL,2/4,3/7,3/8,2/4,3/7,3/7,4,2/6,2/5,2/5,2/5,3/7,2/5,2/6,1/4,3,2/6,2/5,2/6,2/7,3/7,2/5,2/6,3,3,3,3,3/7,3/7,3/7,3/7,3,2/6,3,3,3/7,3/7,3/7,3,3/7,2/5,2/6,2/7,NULL,NULL,NULL,NULL,NULL
75,Grappling Hook,AG,,,AG,arms,NULL,3,2/6,2/6,1/3,2/4,2/6,2/5,1/5,2/4,1/3,1/4,2/5,2/5,2/6,3,3,2/4,1/3,2/6,2/5,3/6,3,3,3,3,3,3,2/5,2/5,2/6,2/6,3,3,3,3,3,2/4,3,2/6,3,3/8,1/5,2/6,NULL,NULL,NULL,NULL,NULL
76,Heraldry,ME,RE,,ME/RE,academic,NULL,3/5,3/5,3/5,2/6,3/5,1/5,2/4,2/5,1/3,2/5,2/6,3/6,1/2,2/5,2/6,2/5,2/6,2/5,1/3,1/4,2/4,3/5,3/5,3/5,2/5,3/5,2/5,2/4,3/6,2/4,3/7,3/8,1/3,2/5,1/4,2/4,2/6,2/4,3/5,2/5,3/6,2/5,1/4,NULL,NULL,NULL,NULL,NULL
77,Herb Lore,ME,RE,,ME/RE,academic,NULL,1/3,1/2,2/6,2/6,3/6,2/6,2/4,2/6,1/4,2/6,2/5,2/4,1/4,2/6,1/4,2/4,2/4,2/6,1/4,1/3,2/5,2/6,2/6,2/6,1/4,1/4,2/6,2/4,1/2,1/2,1/2,1/2,1/3,2/5,2/4,2/4,1/4,1/4,2/6,1/4,1/2,2/6,1/3,NULL,NULL,NULL,NULL,NULL
78,Herding,EM,PR,,EM/PR,outdoor,NULL,2/6,1/2,1/4,2/5,2/5,1/4,6,1/4,2/6,2/5,2/4,2/6,2/7,1/2,2/6,3/6,3/7,2,2/6,2/7,3/7,2/5,2/7,2/6,2/5,2/5,2/6,2/5,1/3,2/5,2/5,3/7,3/7,3/7,3/7,3/7,4,3/5,2/6,3/6,2/5,1/4,2/7,NULL,NULL,NULL,NULL,NULL
79,Hide Item,RE,IN,,RE/IN,subterfuge,NULL,6,3,2/5,1/3,1/4,2/5,2/4,1/3,2/6,1/3,1/4,2/4,2/7,2/5,2/5,3,2/7,1/3,3,1/5,3/6,5,6,5,5,5,3,5,3,6,4,6,6,5,6,6,2/6,2,6,2/5,6,1/3,1/5,NULL,NULL,NULL,NULL,NULL
80,Horticulture,RE,EM,,RE/EM,general,NULL,1/4,1/2,3/8,8,8,8,6,6,1/4,4,3,3,2/6,8,1/5,2/6,1/4,4,3,1/2,3/8,2/6,2/6,2/6,2/6,2/5,2/6,2/5,1/4,1/3,2/5,1/3,1/3,2/6,2/6,2/6,5,2/5,2/6,2/6,1/4,6,1/2,NULL,NULL,NULL,NULL,NULL
81,Hostile Environments,AG,SD,,AG/SD,outdoor,NULL,3,1/3,1/3,3/6,2/6,1/4,2/3,1/4,2/7,2/6,1/4,2/5,3/6,2/5,3,3/5,3/6,3/6,2/6,2/4,2/4,3,2/7,3,3,3,3,3,1/4,3,2/4,3,3,3,3,3,3,2/7,3,3,2/5,1/4,2/4,NULL,NULL,NULL,NULL,NULL
82,Hypnosis,PR,SD,,PR/SD,medical,NULL,3,NULL,6,5,4,4,2/5,4,2/3,3/6,4,4,2/5,4,3/6,2/5,4,2/6,3/6,3/6,3/5,2/4,3,2/4,2/4,1/4,1/4,3/6,3,3/6,2/6,2/5,2/4,1/5,2/5,3/6,2/6,2/5,2/5,1/2,3/6,4,4,NULL,NULL,NULL,NULL,NULL
83,Iai,QU,AG,,QU/AG,arms,NULL,15,9,3/6,2/6,2/5,2/7,1/5,3/8,10,1/3,1/4,2/6,3/5,2/6,18,2/5,2/4,18,2/5,2/6,3/6,18,20,15,15,15,15,9,9,20,20,7,15,6,6,20,20,20,18,20,15,3/8,2/7,NULL,NULL,NULL,NULL,NULL
84,Interrogation,RE,AG,,RE/AG,social,NULL,4,2/5,2/6,2/7,2/5,3/9,7,2/7,3/6,2/6,3/5,4,1/4,2/4,4,3/6,3,1/2,1/4,2/6,3/7,3,1/4,3,3,3,2/5,2/5,1/5,3/7,2/5,3,2/5,2/5,2/4,3/5,2/4,2/4,2/5,1/4,2/4,2/7,1/3,NULL,NULL,NULL,NULL,NULL
85,Juggling,AG,IN,,AG/IN,athletic,NULL,3,2/7,2/5,1/3,1/4,1/5,3/7,1/3,3,1/2,1/4,2/7,1/5,1/5,3,2/5,2/7,1/2,2/7,2/7,2/6,3,2/5,3,3,3,3,2/6,2/7,2/7,2/7,2/6,4,2/6,2/5,2/6,3,2/5,2/5,2/5,3/8,1/3,1/5,NULL,NULL,NULL,NULL,NULL
86,Jumping,ST,AG,,ST/AG,athletic,NULL,4,3,1/3,1/4,1/3,1/3,1/3,1/3,3,1/4,1/4,1/3,3/6,1/3,4,1/4,2/5,1/4,3/6,3/6,2/6,4,4,4,4,4,4,3,3,3,3,4,3,4,4,4,3/7,4,4,4,3,1/3,1/3,NULL,NULL,NULL,NULL,NULL
87,Lancing,ST,AG,,ST/AG,arms,NULL,18,20,3/6,3/6,6,2/6,3/6,3/6,20,3/6,5,3/6,3/6,3/6,18,12,3/6,18,3/6,3/6,3/6,18,20,18,18,18,18,20,20,20,20,8,20,8,15,20,20,20,18,20,20,3/6,2/6,NULL,NULL,NULL,NULL,NULL
88,Leadership,PR,RE,,PR/RE,social,NULL,2/4,2/5,2/5,2/6,2/7,2/5,1/4,2/5,2/6,2/6,2/6,2/6,1/4,2/4,2/4,2/6,2/6,2/6,1/3,2/6,2/5,2/4,2/5,2/4,2/4,2/5,2/4,2/5,2/5,2/5,1/4,2/5,2/6,2/5,2/5,2/6,2/4,1/5,2/6,1/4,3/6,2/5,3/6,NULL,NULL,NULL,NULL,NULL
89,Leather Working,AG,RE,,AG/RE,general,NULL,3,2/5,2/4,2/4,2/5,2/4,6,2/4,3,2/4,2/5,2/4,2/6,2/4,3,3/5,2/6,1/4,4,2/5,2/6,3,3,3,3,3,3,2/6,2/5,2/5,2/4,3,4,3,3,3,3/7,3,3,3,2/6,2/4,2/5,NULL,NULL,NULL,NULL,NULL
90,Lie Perception,IN,RE,,IN/RE,perception,NULL,3/5,1/4,3/5,1/4,2/5,3/5,2/5,2/5,2/4,1/5,1/2,3/5,1/2,3/5,3/5,1/3,2/4,1/5,1/3,3/5,2/5,2/5,3/6,2/5,2/5,2/4,1/4,1/4,1/4,1/3,1/3,1/4,2/4,2/4,2/4,2/4,2/6,1/3,2/4,1/4,1/4,2/5,2/6,NULL,NULL,NULL,NULL,NULL
91,Linguistics,NA,,,NA,linguistic,NULL,1/*,2/*,3/*,3/*,3/*,3/*,3/*,3/*,1/*,3/*,1/*,3/*,1/*,3/*,3/*,3/*,3/*,3/*,3/*,3/*,2/*,1/*,2/*,2/*,1/*,1/*,1/*,2/*,2/*,2/*,2/*,2/*,1/*,2/*,1/*,1/*,2/*,1/*,1/*,1/*,2/*,1/*,3/*,NULL,NULL,NULL,NULL,NULL
92,Lip Reading,IN,RE,NULL,IN/RE,linguistic,NULL,3/5,2/4,3/7,3/5,2/5,2/5,3/5,2/5,2/5,3/5,2/4,3/5,1/4,3/7,3/5,3/5,2/4,3/5,2/5,2/6,2/5,2/4,2/4,2/4,2/4,3/5,1/3,2/4,2/4,2/4,2/4,3/6,2/6,2/4,1/4,1/3,2/6,1/3,2/4,1/4,2/4,2/5,2/6,NULL,NULL,NULL,NULL,NULL
93,Loading,EM,RE,,EM/RE,outdoor,NULL,3,2,1/3,2/6,3/6,1/4,2/6,1/5,3,2/6,1/2,2/6,2/7,1/4,3,3,2/7,3,2/6,2/7,2/4,4,3,3,3,3,3,2,2,2,3,3,4,3,3,3,4,3,3,3,3,1/5,2/7,NULL,NULL,NULL,NULL,NULL
94,Locate Secret Opening,IN,RE,,IN/RE,perception,NULL,2/5,3/5,2/6,1/2,2/4,2/5,1/4,1/4,2/4,1/3,1/4,1/4,1/5,2/5,2/5,2/5,2/5,1/3,2/4,1/4,2/6,3/6,3/6,3/6,3/6,3/6,3/6,3/6,3/5,3/6,3/6,3/7,3/5,3/6,1/4,3/6,2/6,1/4,3/6,2/5,3/6,1/4,1/4,NULL,NULL,NULL,NULL,NULL
95,Lock Lore,ME,RE,,ME/RE,academic,NULL,1/3,2/7,3/7,1/2,1/4,2/6,2/6,1/3,1/5,1/2,2/4,2/5,1/3,2/6,1/4,4,1/4,1/2,3/7,1/4,2/6,2/4,2/6,2/4,2/5,2/5,2/5,2/6,2/7,3/7,3/7,3/7,1/4,3/6,2/5,2/6,3/6,2/5,2/6,2/5,3/7,2/4,3/7,NULL,NULL,NULL,NULL,NULL
96,Magical Language,NA,,,NA,magical,NULL,1/*,2/*,8,9,8,9,6,9,3/*,8,7,6,4/*,6/*,4/*,4/*,4/*,4/*,4/*,4/*,4/*,1/*,1/*,1/*,1/*,2/*,2/*,2/*,2/*,2/*,1/*,3/*,1/*,3/*,1/*,1/*,1/*,1/*,2/*,1/*,1/*,9,9,NULL,NULL,NULL,NULL,NULL
97,Magical Ritual,RE,ME,,RE/ME,magical,NULL,1/4,1/4,11,7,8,8,8,7,6,7,7,7,4,4,4,4,3,4,5,4,3,1/4,2/4,1/4,1/4,1/2,1/4,1/4,1/4,1/4,1/3,2/6,3,2/6,2/6,2/5,2/3,2/5,2/4,2/5,2/5,7,8,NULL,NULL,NULL,NULL,NULL
98,Maneuvering in Soft Leather,AG,,,AG,arms,NULL,9,2/*,2/*,9,2/*,1/*,2/*,1/*,3/*,1/*,2/*,9,2/*,2/*,9/*,5/*,9,2/*,1/*,1/*,2/*,9,9,9,9,9,9,1/*,1/*,2/*,1/*,2/*,4/*,4/*,4/*,4/*,10,4/*,9,4/*,9,1/*,1/*,NULL,NULL,NULL,NULL,NULL
99,Maneuvering in Rigid Leather,AG,,,AG,arms,NULL,9,3/*,3/*,9,9,1/*,2/*,1/*,4/*,2/*,2/*,9,2/*,2/*,9/*,7/*,9,2/*,1/*,2/*,2/*,9,9,9,9,9,9,2/*,1/*,3/*,2/*,3/*,5/*,5/*,5/*,5/*,12,5/*,9,4/*,9,1/*,1/*,NULL,NULL,NULL,NULL,NULL
100,Maneuvering in Chain,AG,,,AG,arms,NULL,10,10,5/*,10,3/*,2/*,3/*,2/*,5/*,3/*,4/*,10,3/*,4/*,10,4/*,10,4/*,2/*,3/*,3/*,10,10,10,10,10,10,10,10,10,10,4/*,6/*,6/*,6/*,6/*,15,6/*,10,6/*,10,4/*,3/*,NULL,NULL,NULL,NULL,NULL
101,Maneuvering in Plate,AG,,,AG,arms,NULL,11,11,7/*,10,15,2/*,5/*,3/*,7/*,4/*,5,10,5/*,6/*,11,20,11,6/*,3/*,4/*,4/*,11,11,11,11,11,11,11,11,11,11,5/*,7/*,7/*,7/*,7/*,20,7/*,11,7/*,11,7/*,4/*,NULL,NULL,NULL,NULL,NULL
102,M.A. Strikes Rank1,ST,ST,AG,ST/ST/AG,arms,NULL,9,6,3/7,3/7,1/5,3/7,1/2,3/7,3,3/7,3/7,1/3,3,3/7,4,2/5,2/5,3/7,6,4,3/8,6,9,9,9,9,9,6,6,6,6,3,4,3,3,6,9,6,9,9,8,3/7,3/7,NULL,NULL,NULL,NULL,NULL
103,M.A. Strikes Rank2,ST,ST,AG,ST/ST/AG,arms,NULL,9,6,3/7,3/7,1/5,3/7,1/2,3/7,3,3/7,3/7,1/3,3,3/7,4,2/5,2/5,3/7,6,4,3/8,6,9,9,9,9,9,6,6,6,6,3,4,3,3,6,9,6,9,9,8,3/7,3/7,NULL,NULL,NULL,NULL,NULL
104,M.A. Strikes Rank3,ST,ST,AG,ST/ST/AG,arms,NULL,9,6,3/7,3/7,1/5,3/7,1/2,3/7,3,3/7,3/7,1/3,3,3/7,4,2/5,2/5,3/7,6,4,3/8,6,9,9,9,9,9,6,6,6,6,3,4,3,3,6,9,6,9,9,8,3/7,3/7,NULL,NULL,NULL,NULL,NULL
105,M.A. Strikes Rank4,ST,ST,AG,ST/ST/AG,arms,NULL,9,6,3/7,3/7,1/5,3/7,1/2,3/7,3,3/7,3/7,1/3,3,3/7,4,2/5,2/5,3/7,6,4,3/8,6,9,9,9,9,9,6,6,6,6,3,4,3,3,6,9,6,9,9,8,3/7,3/7,NULL,NULL,NULL,NULL,NULL
106,M.A. Sweeps Rank1,AG,AG,ST,AG/AG/ST,arms,NULL,9,6,3/7,3/7,1/5,3/7,1/2,3/7,3,3/7,3/7,1/3,3,3/7,4,2/5,2/5,3/7,6,4,3/8,6,9,9,9,9,9,6,6,6,6,3,4,3,3,6,9,6,9,9,8,3/7,3/7,NULL,NULL,NULL,NULL,NULL
107,M.A. Sweeps Rank2,AG,AG,ST,AG/AG/ST,arms,NULL,9,6,3/7,3/7,1/5,3/7,1/2,3/7,3,3/7,3/7,1/3,3,3/7,4,2/5,2/5,3/7,6,4,3/8,6,9,9,9,9,9,6,6,6,6,3,4,3,3,6,9,6,9,9,8,3/7,3/7,NULL,NULL,NULL,NULL,NULL
108,M.A. Sweeps Rank3,AG,AG,ST,AG/AG/ST,arms,NULL,9,6,3/7,3/7,1/5,3/7,1/2,3/7,3,3/7,3/7,1/3,3,3/7,4,2/5,2/5,3/7,6,4,3/8,6,9,9,9,9,9,6,6,6,6,3,4,3,3,6,9,6,9,9,8,3/7,3/7,NULL,NULL,NULL,NULL,NULL
109,M.A. Sweeps Rank4,AG,AG,ST,AG/AG/ST,arms,NULL,9,6,3/7,3/7,1/5,3/7,1/2,3/7,3,3/7,3/7,1/3,3,3/7,4,2/5,2/5,3/7,6,4,3/8,6,9,9,9,9,9,6,6,6,6,3,4,3,3,6,9,6,9,9,8,3/7,3/7,NULL,NULL,NULL,NULL,NULL
110,Mapping,RE,ME,,RE/ME,academic,NULL,2,2/6,7,5,4,7,5,6,1/4,5,2/4,5,3,6,2,3,3,5,3,2/6,2/6,3,4,3,2/4,5,4,4,2/6,5,4,5,2,4,2/4,2/5,1/4,3,4,4,4,6,2/6,NULL,NULL,NULL,NULL,NULL
111,Mechanition,RE,AG,,RE/AG,academic,NULL,1/2,3/7,3/7,1/4,3/9,3/6,2,2/5,2/4,1/4,2/5,2,2/4,2/5,1/4,4,2/5,1/4,3/5,3/7,2/6,2/6,2/6,2/6,1/4,2/6,2/6,2/6,3/8,3/7,3/8,3/9,2/5,2/6,2/6,2/4,3/8,2/6,2/6,3/9,3/8,3/6,3/6,NULL,NULL,NULL,NULL,NULL
113,Meditation: Cleansing,SD,EM,,SD/EM,concentration,NULL,2/4,2/4,3/5,3/6,3/6,3/8,2/5,3/7,2/4,3/6,4,2/5,2/6,3/6,1/4,1/3,1/2,3/6,1/2,1/4,1/4,1/2,2/4,2/4,2/4,2/4,2/4,1/2,2/4,1/2,1/3,1/2,1/4,1/3,1/2,2/4,1/4,2/4,2/4,2/4,1/4,2/4,1/4,NULL,NULL,NULL,NULL,NULL
114,Meditation: Death,SD,PR,,SD/PR,concentration,NULL,1/5,3/7,4,4,4,4,1/5,4,4,4,5,2/6,2/4,2/4,2/4,2/6,1/4,2/6,2/4,2/4,3/7,1/3,3/8,1/5,1/5,1/5,1/5,3/6,3/6,3/6,2/4,1/2,2/5,1/4,1/4,3/6,2/6,2/4,1/2,3/6,3/6,2/4,2/4,NULL,NULL,NULL,NULL,NULL
115,Meditation: Healing,SD,EM,,SD/EM,concentration,NULL,2/4,1/3,3/7,3/6,2/6,3/7,2/5,3/6,2/5,3/6,2/6,2/4,2/4,2/5,2/4,1/4,1/4,3/6,2/4,2/4,3/7,1/5,2/4,2/4,2/4,2/4,2/4,1/2,1/3,1/2,1/2,1/2,1/4,1/3,1/3,2/4,1/4,1/3,3/7,1/4,2/4,2/4,2/4,NULL,NULL,NULL,NULL,NULL
116,Meditation: Ki,SD,PR,,SD/PR,concentration,NULL,3/5,2/6,3/7,3/6,2/7,3/8,1/4,3/7,2/5,3/6,2/6,2/4,2/5,2/6,3/5,3/7,1/3,3/6,1/5,2/5,3/7,3/5,3/8,3/5,3/5,2/6,3/5,2/4,2/6,2/4,2/4,1/2,2/5,1/4,1/3,2/4,2/5,2/6,2/5,2/5,2/4,2/4,2/5,NULL,NULL,NULL,NULL,NULL
117,Meditation: Sleep,SD,IN,,SD/IN,concentration,NULL,1/4,1/4,3/7,3/6,3/7,3/7,2/5,3/6,1/4,3/6,2/6,2/4,2/4,2/7,2/4,3/6,1/5,3/6,2/4,2/4,2/6,1/5,2/4,1/4,1/4,1/4,1/4,1/4,1/4,1/2,1/2,1/2,1/3,1/2,1/2,2/5,1/4,1/3,1/4,1/2,2/5,2/4,2/4,NULL,NULL,NULL,NULL,NULL
118,Meditation: Trance,PR,SD,,PR/SD,concentration,NULL,1/4,2/4,3/7,3/6,3/9,3/7,2/5,3/6,2/4,3/6,2/6,2/4,2/4,3/7,2/4,3/6,1/5,3/6,2/4,2/4,3/6,1/5,2/4,1/3,1/3,1/4,1/3,2/4,2/4,1/3,1/2,1/3,1/3,1/2,1/3,2/4,1/4,1/3,2/4,1/3,2/4,2/4,2/4,NULL,NULL,NULL,NULL,NULL
119,Metal Evaluation,IN,RE,,IN/RE,general,NULL,1/2,2,3/6,1/2,1/4,3/6,2/5,2/5,1/4,1/3,1/2,3,2/4,3/6,1/2,4,3,1/3,2/5,2/5,2/6,2/5,2,2/5,2/5,2/5,2/5,2,2,2,2,2,2/5,2,2/5,2,1/4,3/6,2,2,2,3/6,2/5,NULL,NULL,NULL,NULL,NULL
120,Metal Lore,ME,RE,,ME/RE,academic,NULL,1/2,2/6,3/6,2/4,2/5,2/6,3,2/5,1/4,2/4,2/4,2,2/4,2/6,1/3,3,2/6,2/4,2/4,2/5,2/5,1/4,2/4,1/4,2/4,2/4,2/4,2/6,2/6,3/7,3/7,3/7,1/3,3/6,3/6,1/4,1/4,2/5,2/4,2/6,2/6,2/6,2/5,NULL,NULL,NULL,NULL,NULL
121,Midwifery,EM,ME,IN,EM/ME/IN,medical,NULL,4,3,4,4,4,4,4,4,2/4,4,4,4,4,4,4,2/6,4,4,2/5,2/6,4,4,6,4,4,4,4,3/6,2/6,1/3,1/3,1/3,4,4,4,4,4,4,7,4,3/8,4,4,NULL,NULL,NULL,NULL,NULL
122,Military Organization,PR,RE,,PR/RE,academic,NULL,3/6,3,2/4,1/4,3/6,1/3,1/4,1/4,1/4,1/4,3/6,1/5,2/5,2/5,2/5,3/6,2/5,2/5,1/4,2/5,1/5,3/6,3/6,3/6,3/6,3/6,3/6,3/6,3,4,2/6,4,1/3,3/6,3/6,3/6,2/4,3/6,3/6,2/4,4,1/4,2/5,NULL,NULL,NULL,NULL,NULL
123,Mimicry,IN,SD,,IN/SD,linguistic,NULL,2/6,1/5,2/5,2/5,2/5,2/5,2/5,1/5,3/5,2/5,1/4,2/5,1/5,2/5,2/6,2/6,2/6,2/5,2/5,2/6,2/6,2/6,2/7,2/6,2/6,2/4,1/3,2/7,1/5,2/7,2/7,2/6,3/6,2/6,1/5,2/7,3/7,1/4,2/4,1/4,2/7,1/5,2/6,NULL,NULL,NULL,NULL,NULL
124,Mimery,AG,SD,,AG/SD,subterfuge,NULL,3/6,2/7,2/6,2/5,2/5,2/6,2/5,1/3,2/5,2/5,1/4,2/5,1/5,2/6,3/6,2/7,2/6,2/5,3/6,2/6,2/6,3/6,2/7,3/6,3/6,3/6,1/3,2/7,2/7,2/7,2/7,2/6,3/6,2/6,2/6,2/7,3/6,1/2,2/7,2/5,2/7,1/3,2/6,NULL,NULL,NULL,NULL,NULL
125,Mining,RE,IN,,RE/IN,academic,NULL,3,2/7,2/6,1/4,4,2/6,6,2/4,2/4,1/4,2/6,2/5,2/6,2/6,3/6,5,2/6,3/6,3/6,2/6,3/6,3,3,3,3,3,3,2/7,2/7,2/7,2/7,3,2/4,3,1/2,3,1/4,3,2/5,4,2/7,2/4,2/6,NULL,NULL,NULL,NULL,NULL
126,Missile Artillery,IN,AG,,IN/AG,arms,NULL,3/6,3,2/4,1/4,2/5,1/3,1/4,1/4,2/5,1/4,3/6,1/5,2/5,2/5,2/5,3/7,2/5,2/5,1/4,2/5,2/5,3/6,2/7,3/6,3/6,3/6,3/6,3/6,3/7,4,4,4,3,3/6,3/7,2/7,3,2/7,3/6,3/7,4,1/4,1/3,NULL,NULL,NULL,NULL,NULL
127,Mnemonics,ME,SD,,ME/SD,concentration,NULL,1/4,2/4,3/8,2/5,2/5,3/7,1/4,2/7,1/4,2/6,1/4,2/4,1/3,3/7,1/4,2/6,2/4,2/6,2/6,2/5,2/5,1/4,2/4,1/4,1/4,1/4,1/4,2/4,2/4,2/4,1/4,1/4,1/2,1/3,1/2,2/4,1/4,1/4,1/4,1/4,2/5,2/7,2/5,NULL,NULL,NULL,NULL,NULL
128,Music,AG,EM,,AG/EM,linguistic,NULL,2/6,2/6,2/6,2/6,2/4,2/6,6,2/6,2/5,2/6,2/6,2/6,1/2,2/6,2/6,2/6,2/6,2/6,2/6,2/6,2/6,2/6,2/6,2/6,2/6,2/6,2/6,2/5,2/5,2/6,2/5,2/6,1/4,2/6,2/5,2/4,2/5,2/5,2/6,2/4,2/4,2/6,2/6,NULL,NULL,NULL,NULL,NULL
129,Navigation,RE,IN,,RE/IN,academic,NULL,2/6,1/5,2/6,2/6,2/6,2/6,6,2/5,2/5,2/6,1/4,2/6,2/6,2/5,2/6,2/4,2/6,2/6,2/5,1/4,2/6,2/6,2/6,2/6,2/6,2/6,2/6,2/4,1/4,2/4,1/4,2/6,1/4,2/6,1/2,1/3,3/7,2/6,2/6,2/5,2/5,2/5,1/4,NULL,NULL,NULL,NULL,NULL
130,Painting,IN,AG,,IN/AG,general,NULL,2/5,1/4,2/6,2/6,2/6,2/6,1/3,2/6,1/4,2/6,2/6,1/3,1/4,2/6,2/5,4,1/3,2/6,1/4,1/4,2/5,2/4,2/4,2/4,1/4,2/5,2/4,2/5,2/4,2/4,2/4,2/4,2/5,2/5,2/4,2/7,2/4,2/4,2/4,2/4,2/4,2/6,1/4,NULL,NULL,NULL,NULL,NULL
131,Phil./Relig. Doctrine,ME,RE,,ME/RE,academic,NULL,1/2,1/2,7,2,3,2,1/3,2,1/3,2,2,1/4,1/3,2,1/3,1/2,1/3,2,1/2,1/3,1/4,1/2,1/2,1/2,1/2,1/2,1/2,1/2,1/2,1/2,1/2,1/2,1/2,1/2,1/2,1/2,1/3,1/2,1/2,1/2,1/2,2,1/3,NULL,NULL,NULL,NULL,NULL
132,Physics,RE,ME,,RE/ME,academic,NULL,2/5,5,7,3/7,5,4/8,7,4/7,1/4,3/8,2/4,4/7,3/6,7,3/6,5,3/6,3/8,3/7,3/7,3/7,3/7,3/6,3/7,2/6,3/7,3/5,3/6,5,3/6,4/7,3/5,1/3,3/6,3/6,2/3,3/7,3/6,3/7,3/7,4/7,4/7,3/7,NULL,NULL,NULL,NULL,NULL
133,Picking Locks,IN,RE,AG,IN/RE/AG,subterfuge,NULL,4,8,4,1/3,1/4,3/9,6,2/6,3/7,1/3,3/6,3/9,4,2/5,1/5,6,4,2/7,7,4,5,7,7,8,8,8,8,8,8,8,8,8,8,8,7,7,4,7,7,7,8,2/5,3/6,NULL,NULL,NULL,NULL,NULL
134,Pick Pockets,AG,IN,,AG/IN,subterfuge,NULL,3,3,2/6,1/3,2/4,3/6,4,1/3,2/5,1/2,1/3,2/5,2/4,2/6,3,2/5,2/5,1/3,4,2/5,3/5,3,3,3,3,3,1/5,3,3,3,3,3,3,3,2/5,3,3,2/5,3,3,3,1/3,2/5,NULL,NULL,NULL,NULL,NULL
135,Planetology,RE,EM,,RE/EM,academic,NULL,4,2/7,5,6,6,6,6,6,1/4,6,6,6,5,5,4,6,5,5,5,5,3/7,4,4,4,4,4,4,4,2/7,4,4,4,1/4,4,4,3,4,4,4,5,4,6,5,NULL,NULL,NULL,NULL,NULL
136,Play Instruments: Category 1,AG,ME,,AG/ME,general,NULL,2/6,2/6,2/6,2/6,1/4,2/6,2/4,2/6,2/4,2/6,1/4,2/6,1/2,2/6,2/6,2/6,2/6,2/6,2/6,2/6,2/6,2/6,2/6,2/6,2/6,2/6,2/6,2/5,2/6,2/6,2/4,2/6,3/6,2/6,2/5,2/4,2/5,2/5,2/6,2/6,2/5,2/6,2/6,NULL,NULL,NULL,NULL,NULL
137,Poetic Improvisation,IN,RE,,IN/RE,linguistic,NULL,2/6,2/6,2/6,2/5,1/4,2/6,2/6,2/5,1/3,2/5,1/4,2/6,1/2,2/6,2/6,1/4,2/6,2/5,2/6,2/6,2/6,2/6,2/6,2/6,2/6,1/5,2/5,2/5,2/5,2/6,1/5,2/5,1/2,2/5,2/4,2/4,2/5,2/5,2/6,1/5,1/4,2/5,2/6,NULL,NULL,NULL,NULL,NULL
138,Poison Lore,ME,RE,,ME/RE,academic,NULL,1/3,1/3,2/4,1/4,1/4,1/4,3/6,1/4,1/4,1/3,1/4,2/5,1/4,1/4,1/4,1/4,2/4,1/3,2/4,1/3,2/5,2/6,1/3,2/6,2/6,2/6,2/6,2/5,1/3,1/2,1/2,1/2,1/3,2/6,2/5,2/6,1/4,1/4,1/3,1/3,1/2,1/2,1/3,NULL,NULL,NULL,NULL,NULL
139,Poison Perception,IN,RE,,IN/RE,perception,NULL,1/4,1/4,2/6,1/3,1/4,2/5,1/4,1/4,2/6,1/3,1/3,1/4,2,2/5,2/4,3,1/4,1/3,1/4,3,2/6,3,1/4,3,3,3,2,2/5,1/4,1/3,1/4,1/4,3/6,3,2,3,3/7,2,1/5,1/4,1/4,1/4,1/5,NULL,NULL,NULL,NULL,NULL
140,Pole Vaulting,ST,AG,,ST/AG,athletic,NULL,5,4,2/5,1/3,1/4,2/5,1/4,1/4,5,1/3,2/5,1/4,3/6,2/5,5,2/5,2/5,1/36,3/6,2/6,3/7,5,5,5,5,5,5,4,4,4,4,5,6,5,5,5,4,5,5,6,4,1/4,2/5,NULL,NULL,NULL,NULL,NULL
141,Power Perception,IN,RE,,IN/RE,magical,NULL,1/3,1/3,7,5,5,6,3/7,5,3/6,4,10,3/7,2/5,2/5,2/5,2/5,2/5,2/5,2/5,2/5,3/6,1/2,1/4,1/3,1/3,1/3,1/3,1/3,1/3,1/3,1/3,1/3,1/4,1/3,1/3,1/4,1/4,1/4,1/4,1/3,1/3,6,6,NULL,NULL,NULL,NULL,NULL
142,Power Projection,,NULL,NULL,NA,magical,NULL,2/4,1/4,15,10,10,12,6,10,8,9,8,6,3/6,12,2/4,2/5,2/5,9,2/6,3/6,3/6,2/4,2/5,2/4,2/4,2/4,2/4,1/4,1/4,1/4,1/3,2/4,2/5,2/4,2/4,1/5,2/6,2/5,2/5,2/5,1/4,12,12,NULL,NULL,NULL,NULL,NULL
143,Propaganda,IN,EM,,IN/EM,linguistic,NULL,3/5,2/6,4,2/4,2/6,3/6,6,2/4,2/3,2/4,1/2,3/5,1/5,3/6,3/6,3/6,3/6,3/5,3/6,3/6,3/5,3/6,3/6,3/5,3/6,3/6,2/4,2/6,2/6,2/6,1/4,3/6,1/4,3/5,3/5,3/6,2/5,3/6,3/6,1/5,1/4,2/4,3/6,NULL,NULL,NULL,NULL,NULL
144,Public Speaking,EM,PR,,EM/PR,linguistic,NULL,2/6,2/6,2/6,2/6,2/4,2/6,6,2/6,2/5,2/6,2/6,2/6,1/2,2/6,2/6,2/6,2/6,2/6,1/4,2/6,2/6,2/6,1/3,2/6,2/6,2/6,2/5,2/5,2/4,2/6,1/4,2/5,1/4,2/5,2/4,2/5,2/4,2/4,2/5,1/4,3/7,2/6,2/6,NULL,NULL,NULL,NULL,NULL
145,Racial History,ME,RE,,ME/RE,academic,NULL,1/4,1/4,7,3,4,3,2/6,3,1/3,3,3,2/6,1/2,3,1/5,2/5,2/4,3,3,2/4,2/6,1/4,1/4,1/4,1/4,1/4,1/4,1/4,1/4,1/4,1/4,1/4,1/2,1/4,1/4,1/4,2/5,1/4,1/4,1/4,1/4,3,2/4,NULL,NULL,NULL,NULL,NULL
146,Rappling,AG,,,AG,athletic,NULL,7,4,3/7,2/5,2/5,3/7,2/6,3/7,7,2/5,3/7,3/7,3/9,3/7,7,3/7,3/7,2/5,3/7,3/9,3/8,6,7,6,7,6,7,5,4,6,6,6,8,5,4,7,3/7,7,7,4,8,1/3,3/7,NULL,NULL,NULL,NULL,NULL
147,Read Tracks,IN,RE,,IN/RE,perception,NULL,3/7,1/4,1/4,3/6,3/6,2/5,2/6,1/4,1/4,1/4,2/5,2/5,2/4,1/2,3,3/6,2/5,1/4,2/4,1/3,2/6,3,3/7,3/6,2/6,2/6,3/6,2/5,1/4,2/7,2/4,3/9,1/3,3/8,1/4,2/4,3/7,2/4,3/8,2/6,3/5,1/4,1/3,NULL,NULL,NULL,NULL,NULL
148,Region Lore,RE,ME,,RE/ME,outdoor,NULL,2/5,1/5,2/6,2/6,2/6,2/6,2/6,2/5,1/4,2/6,2/5,2/6,2/6,1/3,2/5,2/6,2/6,2/6,2/6,1/3,2/6,2/6,2/6,2/6,2/6,2/6,2/7,2/5,1/5,2/5,2/5,2/5,1/2,2/6,1/4,2/6,2/4,2/6,2/6,2/5,2/5,2/5,1/3,NULL,NULL,NULL,NULL,NULL
149,Reverse Stroke,AG,RE,,AG/RE,arms,NULL,20,20,3/8,3/5,3/7,2/7,2/4,3/8,20,4,4,2/6,5,3/7,20,3/9,3/7,4,3/7,3/7,3/8,20,20,20,20,20,20,20,15,20,20,20,20,20,20,20,20,20,20,20,20,3/8,2/7,NULL,NULL,NULL,NULL,NULL
151,Rope Mastery,ME,AG,,ME/AG,general,NULL,3,2/6,2/6,1/3,2/4,2/6,2/5,1/5,3,1/3,1/4,2/5,2/5,2/6,3,2/6,2/4,1/3,2/6,2/6,3/5,3,3,3,3,3,3,2/5,2/5,2/6,2/6,3,3,3,3,3,3,3,2/6,3,2/7,1/5,1/3,NULL,NULL,NULL,NULL,NULL
152,Rowing,ST,SD,,ST/SD,athletic,NULL,3,2/5,1/4,1/4,3/7,1/4,6,1/3,3,1/4,1/4,1/4,2/5,1/3,3,3/9,1/5,1/4,2/4,2/4,2/5,3,3,3,3,3,3,2/5,2/7,2/6,2/4,3,5,3,3,3,4,3,3,3,3,2/5,1/4,NULL,NULL,NULL,NULL,NULL
153,Runes,EM,IN,,EM/IN,magical,NULL,1/3,2/6,8,6,6,7,7,6,3/9,6,5,6,5,5,4,8,4,6,7,5,3/6,1/4,2/5,1/4,1/2/,1/4,1/4,2/5,2/6,2/6,2/5,2/6,1/4,2/5,2/6,2/6,2/6,2/5,2/5,2/5,2/5,7,8,NULL,NULL,NULL,NULL,NULL
154,Sailing,AG,IN,,AG/IN,athletic,NULL,3,2/5,2/6,2/6,3/7,2/6,6,2/6,3,2/6,2/6,2/6,2/6,2/6,3,3/7,2/4,2/6,2/5,2/5,3/7,3,3,3,3,3,3,2/4,2/7,2/5,2/4,3,3,3,3,3,3/7,3,3,3,3,2/6,2/6,NULL,NULL,NULL,NULL,NULL
155,Sanity Healing Lore,ME,EM,,ME/EM,academic,NULL,2,1/4,10,7,7,8,3,6,2/5,7,7,3,3/6,8,2,2,2/5,7,1/5,2/5,47,4,2,2,2,2,2/5,2/5,1/4,1/2,1/3,1/2,1/3,1/3,1/4,2/5,3/5,1/3,2/5,1/3,1/5,6,2/5,NULL,NULL,NULL,NULL,NULL
156,Sculpting,IN,AG,,IN/AG,general,NULL,1/4,2/5,2/6,2/7,3/6,2/7,2/4,2/7,2/7,2/7,2/7,2/5,2/6,2/6,2/4,4,2/5,2/7,2/7,2/5,2/7,2/5,2/7,2/4,2/5,2/7,2/4,2/7,2/7,2/7,2/7,2/6,3/8,2/7,2/6,3/7,2/4,2/7,2/5,2/6,2/7,2/7,2/5,NULL,NULL,NULL,NULL,NULL
157,Scrounge,IN,RE,,IN/RE,outdoor,NULL,2/5,1/5,2/6,1/4,1/3,2/6,3/7,1/3,2/5,1/4,1/4,2/5,2/6,2/6,2/6,2/6,2/6,1/4,2/6,2/6,2/6,2/6,2/6,2/6,2/6,2/6,2/7,2/5,1/5,2/5,2/5,2/5,2/5,2/6,1/4,2/6,2/6,2/6,2/6,2/5,2/5,1/3,1/5,NULL,NULL,NULL,NULL,NULL
158,Second Aid,SD,EM,IN,SD/EM/IN,medical,NULL,3/6,2/5,3/7,3/7,3/7,3/7,3/7,3/7,2/4,3/7,3/7,3/7,3/7,3/7,3/6,2/5,3/7,3/7,2/5,2/5,3/7,3/7,4,3/7,3/7,3/7,3/7,2/6,2/6,1/5,1/5,1/5,2/5,3/7,2/5,3/7,2/6,3/7,5,3/7,3/6,3/7,3/7,NULL,NULL,NULL,NULL,NULL
159,Seduction,EM,PR,,EM/PR,social,NULL,2/5,2/6,2/5,2/6,1/2,2/6,3/6,2/5,2/6,2/6,2/5,2/6,1/4,2/6,2/5,2/5,2/6,2/6,2/6,2/6,2/5,2/5,2/5,2/5,2/5,2/5,2/5,2/6,2/6,2/6,2/6,2/6,2/6,2/6,2/4,2/6,2/6,1/3,2/6,1/3,1/4,2/5,2/6,NULL,NULL,NULL,NULL,NULL
160,Siege Engineer,RE,IN,,RE/IN,academic,NULL,2/4,2/5,3/6,2/6,2/6,1/2,3/6,1/4,1/4,2/6,2/5,2/6,2/4,1/3,1/5,2/6,2/4,1/3,1/3,1/4,1/4,2/4,2/4,2/4,2/4,1/4,1/4,2/5,2/5,2/5,1/6,2/5,1/3,2/4,2/5,2/5,2/4,2/4,1/4,1/3,2/6,1/4,1/4,NULL,NULL,NULL,NULL,NULL
161,Sense Ambush/Assassin,IN,RE,,IN/RE,perception,NULL,3,3,1/4,1/3,2/5,1/4,1/4,1/4,2/5,1/3,1/4,1/4,1/4,1/3,3,1/5,1/4,1/3,1/4,1/3,2/5,3,3,3,3,3,2,3,3,3,3,3,3/6,3,1/3,2,3/5,2,3,2/5,3,1/4,1/3,,NULL,NULL,NULL,NULL
162,Sense Reality Warp,IN,EM,,IN/EM,perception,NULL,1/4,2/5,9,5,5,6,2/5,5,3/8,4,6,3,3/6,3/6,3/6,3/6,3/6,3/6,3/6,3/6,3/8,1/2,1/4,1/3,1/4,1/3,1/2,1/3,2/5,3/6,1/5,3/7,1/3,2/5,1/2,3/7,2/4,1/3,2/5,1/4,1/4,5,3/6,NULL,NULL,NULL,NULL,NULL
163,Set Traps,RE,AG,,RE/AG,subterfuge,NULL,4,8,2/5,1/3,2/6,3/8,3/7,2/5,3/6,1/3,2/5,3/9,4,2/4,2/4,6,4,1/3,7,4,4,7,7,7,2/5,2/5,8,7,8,8,7,8,7,7,7,7,6,7,7,6,7,2/5,1/2,NULL,NULL,NULL,NULL,NULL
164,Signaling,ME,SD,,ME/SD,linguistic,NULL,1/5,2/5,1/4,1/3,2/4,1/4,6,1/4,1/5,1/3,1/4,1/4,1/5,1/4,1/5,2/5,2/6,1/3,1/5,1/5,1/4,1/5,2/6,1/5,1/4,1/4,2/4,2/5,2/4,2/6,2/6,2/6,2/5,2/6,2/6,1/4,2/6,1/3,2/6,2/5,2/5,1/4,1/5,NULL,NULL,NULL,NULL,NULL
165,Singing,PR,IN,,PR/IN,linguistic,NULL,2/6,2/6,2/6,2/6,1/4,2/6,6,2/6,2/5,2/6,2/6,2/6,1/2,2/6,2/6,2/5,2/6,2/6,2/6,2/6,2/6,2/6,2/6,2/6,2/6,2/6,2/6,2/5,2/6,2/6,2/6,2/6,1/5,2/6,2/5,2/4,2/4,2/5,2/6,2/4,2/4,2/6,2/6,NULL,NULL,NULL,NULL,NULL
166,Silent Kill,AG,IN,,AG/IN,deadly,NULL,6,3/6,2/5,1/3,3/8,2/6,1/4,1/4,5,1/3,6,1/5,5,2/6,6,5,3,1/3,3/7,4,4,6,6,6,6,5,4,3/6,3/6,3/6,3/6,1/3,6,6,5,6,9,3/5,5,2/6,3/6,1/4,2/6,NULL,NULL,NULL,NULL,NULL
167,Skating,AG,SD,,AG/SD,athletic,NULL,3,2/7,2/5,2/6,1/2,2/7,6,2/6,3,2/6,2/5,2/5,2/7,2/6,3,1/3,2/6,2/6,2/6,2/6,2/6,3,3/7,3,3,3,3,2/6,2/7,2/7,2/5,3/5,3,3/5,3/5,3/7,2/6,3/7,3/7,3/7,3,2/6,2/7,NULL,NULL,NULL,NULL,NULL
168,Skiing,AG,SD,,AG/SD,athletic,NULL,3,2/7,2/5,2/6,1/4,2/7,6,2/6,3,2/6,2/5,2/5,2/7,2/6,3,1/4,2/6,2/6,2/7,2/6,2/6,3,3/7,3,3,3,3,2/6,2/7,2/7,2/5,3/5,5,3/5,3/5,3/7,2/6,3/7,3/7,3/7,3/7,2/6,2/7,NULL,NULL,NULL,NULL,NULL
169,Skinning,AG,IN,,AG/IN,general,NULL,3,1/3,1/4,3/6,3/7,2/6,3/6,1/5,4,1/3,1/3,2/5,2/5,1/4,3,4,2/6,3,2/6,1/3,3/7,3,1/2,3,3,3,3,2/5,1/4,2/6,1/5,2/5,5,2/5,2/4,2/5,6,3/4,1/4,4,2/5,1/5,1/3,NULL,NULL,NULL,NULL,NULL
170,Smithing,ST,AG,,ST/AG,general,NULL,1/2,3,3/5,2/6,3/7,3/5,6,2/7,4,2/6,3/6,3/5,3/5,3/5,1/2,4,2/6,2/6,3/5,2/7,3/7,3,3,3,3,3,3,3,3,3,3,3,5,3,3,3,2/4,3,3,4,3,2/7,2/7,NULL,NULL,NULL,NULL,NULL
171,Spacial Locate Awareness,IN,,,IN,concentration,NULL,3/6,2/5,4,3/8,6,6,1/4,5,2/6,3/8,6,1/4,2/5,6,3/6,3/7,1/3,3/8,1/4,1/4,2/5,1/4,2/5,2/5,2/5,2/5,2/5,2/5,2/5,2/5,2/5,1/4,1/5,1/4,1/2,2/5,1/3,1/3,2/5,1/4,2/5,5,1/4,NULL,NULL,NULL,NULL,NULL
172,Spell List,PR,EM,,PR/EM,magical,NULL,1/*,1/*,25,10,10,20,20,8,4,10,7,10,4/*,4/*,4/*,4/*,4/*,4/*,4/*,4/*,4/*,2/*,1/*,1/*,1/*,1/*,1/*,1/*,1/*,1/*,1/*,1/*,1/*,1/*,1/*,1/*,1/*,1/*,1/*,1/*,1/*,15,15,NULL,NULL,NULL,NULL,NULL
173,Spell Mastery,PR,EM,,PR/EM,magical,NULL,2/5,2/4,6,6,6,6,6,5,4,6,5,5,3/5,3/5,3/5,3/5,3/5,3/5,3/5,3/5,3/5,2/4,2/5,2/5,2/5,2/5,2/5,2/4,2/4,2/4,2/4,2/5,1/4,2/5,2/5,2/5,2/4,2/5,2/5,2/5,2/4,6,6,NULL,NULL,NULL,NULL,NULL
174,Sprinting,QU,,,QU,athletic,NULL,3,3,2/4,1/3,1/4,2/4,1/5,2/5,3,1/3,2/5,1/5,2/6,2/5,3,1/3,2/6,1/3,2/5,2/6,2/7,3,3,3,3,3,3,3,3,3,3,3,3,3,3,3,4,3,3,3,3,2/5,2/4,NULL,NULL,NULL,NULL,NULL
175,Stalk & Hide,AG,SD,,AG/SD,subterfuge,NULL,6,3,1/5,1/3,1/4,2/5,1/5,1/3,3,1/3,2/5,2/4,2/7,1/4,2/7,3,2/7,1/3,5,1/5,2/7,5,6,5,5,5,3,5,3,6,3,6,5,5,6,6,5,2,6,3,5,1/3,1/4,NULL,NULL,NULL,NULL,NULL
176,Star-Gazing,ME,IN,,ME/IN,academic,NULL,2/6,1/3,2/6,2/6,3/9,2/6,6,2/6,1/4,2/6,1/4,2/5,2/5,2/6,2/4,2/5,2/5,2/6,2/5,2/4,2/6,2/6,1/3,2/6,2/6,1/4,2/6,1/3,1/2,1/4,1/2,2/6,1/3,2/6,1/3,1/2,2/6,1/4,2/5,1/4,1/2,2/6,2/4,NULL,NULL,NULL,NULL,NULL
177,Stilt Walking,ST,AG,,ST/AG,athletic,NULL,4,3,2/6,1/3,1/3,2/5,2/6,1/4,3,1/3,2/5,1/3,3/6,2/5,4,2/5,2/5,1/3,3/6,3/6,3/8,4,4,4,4,4,4,3,3,3,3,4,4,4,4,4,4,4,4,4,3,1/4,2/5,NULL,NULL,NULL,NULL,NULL
178,Stone Crafts,SD,AG,,SD/AG,general,NULL,1/2,3,2/7,3/7,4,2/7,6,3/7,4,3/7,3/8,3/5,2/7,2/6,2/4,4,2/7,3/5,3/5,2/6,3,3,3,3,3,3,3,3,3,3,3,3,5,3,3,3,2/4,3,3,3,3,3/7,2/6,NULL,NULL,NULL,NULL,NULL
179,Stone Evaluation,IN,RE,,IN/RE,general,NULL,1/2,2/5,3/6,1/2,1/4,3/6,2/5,2/5,1/4,1/3,1/2,3,2/4,3/6,1/2,4,3,1/3,2/5,2/5,2/6,2/4,2/5,2/4,2/4,2/4,2/4,2/5,2/3,2,2/4,2,2/5,2/5,2/5,1/5,1/4,3/6,3,2,2/4,2/5,2/5,NULL,NULL,NULL,NULL,NULL
180,Stone Lore,ME,RE,,ME/RE,academic,NULL,1/2,2/5,3/7,2/4,2/5,2/6,3,2/5,1/4,2/4,2/4,2,2/4,2/5,1/3,2/5,2/6,2/4,2/4,2/5,2/4,1/4,2/4,1/4,2/4,2/4,2/4,2/6,2/5,3/7,2/5,3/7,1/3,3/6,3/6,1/4,1/4,2/5,2/4,2/6,2/6,2/5,2/5,NULL,NULL,NULL,NULL,NULL
181,Streetwise,PR,IN,,PR/IN,outdoor,NULL,2/7,3/7,3/8,1/2,1/4,2/6,2/5,1/3,1/4,1/2,1/4,2/4,1/4,3/6,2/4,1/4,3/7,1/3,4,3/8,2/5,3/6,1/4,3,3,2/7,3/6,2/6,3/7,2/7,2/4,4,2/4,2/5,1/4,2/3,3/7,1/3,2/5,2/3,1/4,1/3,1/4,NULL,NULL,NULL,NULL,NULL
182,Stunned Maneuvering,SD,,,SD,arms,NULL,4,4,2/5,2/6,2/5,2/6,1/2,2/6,3,2/6,3,1/3,2/7,2/5,4,2/5,2/4,1/4,2/5,2/7,2/5,5,4,5,5,5,5,4,3,4,4,3,3,3,3,4,3,4,5,3,4,2/7,2/6,NULL,NULL,NULL,NULL,NULL
183,Subduing,AG,QU,,AG/QU,arms,NULL,6,3/6,2/5,1/4,2/5,2/5,2/5,15,6,1/4,3,1/2,5,2/5,6,3/6,3,1/4,3/6,4,3/7,6,6,6,6,6,4,3/6,2/5,3/6,3/6,1/3,7,6,5,6,9,3/5,6,3,3/6,15,1/4,NULL,NULL,NULL,NULL,NULL
184,Surfing,AG,SD,,AG/SD,athletic,NULL,3,2/7,2/5,2/6,1/3,2/7,6,2/6,3,2/6,2/5,2/5,2/7,2/6,3,1/4,2/6,2/6,2/6,2/6,2/6,3,3/7,3,3,3,3,2/6,2/7,2/7,2/5,3/5,3,3/5,3/5,3/7,5,3/7,3/7,3/7,3,2/6,2/7,NULL,NULL,NULL,NULL,NULL
185,Surgery,SD,EM,IN,SD/EM/IN,medical,NULL,5,3/7,8,6,6,7,5,7,3/6,6,7,4,6,7,5,3/6,5,6,3,3/6,6,6,8,6,6,6,6,4,3/7,2/5,4,2/4,5,6,5,6,5,6,5,6,6,7,7,NULL,NULL,NULL,NULL,NULL
186,Surveillance,IN,SD,,IN/SD,perception,NULL,2/6,2/5,3/6,1/4,2/3,2/5,3/6,1/4,2/3,1/2,1/4,2/5,2/5,3/6,2/5,2/6,2/6,1/2,2/6,2/6,2/5,2/6,2/6,2/6,2/6,2/6,2/5,2/6,3/6,3/6,1/5,2/7,2/4,2/6,1/5,3/7,2/4,1/3,2/5,2/3,2/6,1/4,1/3,NULL,NULL,NULL,NULL,NULL
187,Swimming,AG,,,AG,athletic,NULL,3,3,1/3,2/6,2/5,2/6,2/5,2/5,3,1/3,2/5,1/5,2/6,2/5,2/6,1/5,2/6,3,3,2/6,2/6,3,3,3,3,3,3,3,3,3,3,3,3,3,3,3,3,3,3,3,3,2/5,2/6,NULL,NULL,NULL,NULL,NULL
188,Symbol Lore,ME,RE,,ME/RE,magical,NULL,1/4,2/4,7,4,4,5,5,4,3/6,3,4,3,2/4,7,1/4,3/6,2/5,6,3/6,3/6,2/7,1/4,2/5,1/4,1/3,1/4,1/4,1/4,2/4,2/4,1/3,2/4,1/4,1/4,1/4,2/5,2/4,1/4,2/5,1/4,1/4,4,5,NULL,NULL,NULL,NULL,NULL
189,Tactical Games,RE,ME,,RE/ME,general,NULL,1/4,2/4,2/4,2/4,2/4,2/4,2/4,2/4,1/4,2/4,2/4,2/4,2/4,2/5,1/4,2/4,1/4,1/4,1/4,2/4,2/4,1/2,1/4,1/4,1/5,1/5,1/4,2/4,2/4,2/4,2/4,2/4,1/3,2/4,2/4,2/4,2/4,1/4,2/6,1/4,2/4,2/4,2/4,NULL,NULL,NULL,NULL,NULL
190,Tactics,IN,RE,,IN/RE,academic,NULL,2/4,2/5,1/2,1/3,2/7,1/2,1/4,1/3,1/4,1/3,2/5,1/4,2/4,1/3,1/5,2/6,2/4,1/3,1/3,1/4,1/4,2/4,2/4,2/4,2/4,1/4,1/4,2/5,2/5,2/5,1/6,2/5,1/4,2/4,2/5,2/5,2/4,2/4,1/4,2/4,2/6,2/5,1/4,NULL,NULL,NULL,NULL,NULL
191,Tale Telling,PR,ME,,PR/ME,linguistic,NULL,2/6,2/6,2/6,2/5,1/4,2/6,2/6,2/5,2/5,2/5,1/4,2/6,1/3,2/6,2/6,2/5,2/6,2/5,2/6,2/6,2/6,2/6,2/6,2/6,2/6,2/6,2/5,2/5,2/5,2/6,2/5,2/5,1/4,2/5,2/4,2/4,2/6,2/5,2/6,2/5,2/4,2/5,2/6,NULL,NULL,NULL,NULL,NULL
192,Targeting Skill,IN,AG,,IN/AG,magical,NULL,2/5,3/5,10,9,5,8,9,7,6,8,7,7,3/6,3/6,3/6,2/5,3/6,3/6,3/6,3/6,3/6,2/5,3/5,2/5,2/5,2/5,2/5,3/5,3/5,3/5,3/5,2/5,2/5,2/5,2/5,3/5,3/5,3/5,3/5,3/5,3/5,7,8,NULL,NULL,NULL,NULL,NULL
193,Tightrope Walking,AG,SD,,AG/SD,athletic,NULL,3,2,3/7,1/3,1/3,3/6,1/4,1/4,3,1/3,2/5,1/3,2/6,3/6,3,1/5,1/5,1/3,2/6,2/6,3/6,3,3,3,3,3,3,2,2,2,2,3,3,3,3,3,3/7,3,3,3,3,2/4,3/6,NULL,NULL,NULL,NULL,NULL
194,Time Sense,IN,ME,,IN/ME,perception,NULL,1/3,1/4,3/6,1/4,1/4,2/5,1/4,2/4,1/4,1/4,2/4,1/4,1/3,3/5,1/4,2/4,1/4,1/4,2/4,1/3,2/5,3/6,1/4,1/4,1/4,1/4,1/4,1/4,1/4,1/2,1/4,1/3,1/3,1/3,1/3,1/3,1/4,1/3,1/3,1/3,1/2,2/4,1/3,,NULL,NULL,NULL,NULL
195,Tracking,IN,RE,,IN/RE,perception,NULL,3,1/4,1/4,1/3,2/5,1/4,6,1/4,2/4,1/3,2/4,1/3,2/6,1/2,3,2/6,2/6,3,2/6,2/5,2/5,3,3,3,3,3,3,2/6,1/4,3/5,2/5,3,2/6,3,1/5,2/4,2/7,2/4,3,2/5,3/6,1/4,1/2,NULL,NULL,NULL,NULL,NULL
196,Trading,RE,EM,,RE/EM,linguistic,NULL,3/5,2/6,3/6,2/4,3/5,3/6,6,2/4,2/4,2/4,1/2,3/5,2/4,3/6,3/5,3/6,3/6,2/4,3/6,3/5,3,3/5,3/6,3/5,3/6,3/6,2/4,2/5,2/6,2/6,1/4,3/5,2/5,3/5,3/6,3/6,2/5,3/6,2/6,3/6,1/4,2/4,3/5,NULL,NULL,NULL,NULL,NULL
197,Trading Lore,ME,RE,,ME/RE,academic,NULL,2/6,1/2,2/6,2/5,2/4,2/7,2/7,2/7,1/3,2/5,1/2,2/6,1/4,1/3,2/6,2/6,2/5,2/5,1/4,1/2,2/6,2/5,2/6,2/5,2/5,2/5,2/5,2/4,2/4,2/4,2/4,2/4,1/3,2/6,2/5,2/6,2/4,2/4,2/6,2/4,3/5,2/7,1/2,NULL,NULL,NULL,NULL,NULL
198,Transcend Armor,,NULL,NULL,NA,magical,NULL,4,5,20,18,12,15,18,12,10,10,13,20,3/9,3/9,3/8,4/6,8,3/9,2/6,3/7,2/5,4,6,6,5,6,6,4,5,5,5,6,3/7,6,7,7,6,7,6,5,6,12,15,NULL,NULL,NULL,NULL,NULL
199,Trap-Building,RE,EM,,RE/EM,subterfuge,NULL,1/5,2/5,2/6,1/3,2/5,2/6,6,1/3,2/6,1/3,2/5,2/5,2/6,2/6,1/5,2/6,2/6,1/3,3/6,2/5,2/7,3/6,3/5,3/6,2/6,2/6,2/6,2/6,2/5,2/6,2/6,2/5,2/5,2/6,3/7,3/7,3/7,3/6,3/5,3/5,2/6,1/3,1/3,NULL,NULL,NULL,NULL,NULL
200,Trickery,PR,QU,,PR/QU,subterfuge,NULL,3,3,2/6,1/2,1/4,2/6,2/5,1/3,2/6,1/2,1/4,1/4,2/4,2/6,3,3,2/5,1/2,3,2/5,3/6,3,3,3,3,3,1/4,3,3,3,3,3,3,3,1/5,3,4,1/5,3,2/6,3,1/3,2/5,NULL,NULL,NULL,NULL,NULL
201,Tumbling,AG,SD,,AG/SD,athletic,NULL,3,2/5,1/5,1/3,1/2,1/5,2/5,1/3,4,1/3,1/4,1/2,2/5,1/5,3,1/4,1/4,1/3,2/4,2/4,2/6,3,3,3,3,3,3,2/6,2/5,2/5,2/5,2,4,2,2,3,3,3,3,3,3/7,1/3,1/5,NULL,NULL,NULL,NULL,NULL
202,Tumbling Attack,AG,ST,,AG/ST,arms,NULL,5,3/6,2/5,1/5,1/4,2/5,2/7,1/5,6,1/5,2/6,1/4,2/6,2/6,5,2/5,2/5,1/5,2/5,3/5,3/6,5,5,5,5,5,5,3/7,3/6,3/6,3/6,4,7,4,4,5,9,5,5,5,4,1/5,2/5,NULL,NULL,NULL,NULL,NULL
203,Tumbling Evasion,AG,QU,,AG/QU,arms,NULL,3,2/5,1/4,1/3,1/2,1/5,2/5,1/3,3,1/3,2/5,1/2,2/5,1/5,3,1/4,1/4,1/3,2/6,2/4,2/5,3,3,3,3,3,3,2/6,2/5,2/5,2/5,2,3,2,2,3,4,3,3,3,3/7,1/3,1/5,NULL,NULL,NULL,NULL,NULL
205,Use/Remove Poison,AG,IN,,AG/IN,deadly,NULL,1/4,1/5,2/5,1/4,1/4,2/5,4,2/4,1/4,1/4,2/7,2/5,2/6,2/5,1/4,3,2/6,1/4,3/6,2/5,3/7,2/6,2/4,2/6,2/6,1/4,2/6,2/5,1/5,2/5,2/5,1/4,2/6,2/6,2/6,2/6,3/7,2/6,1/4,2/5,1/4,1/3,2/5,NULL,NULL,NULL,NULL,NULL
206,Ventriloquism,SD,IN,,SD/IN,linguistic,NULL,3/6,2/5,3/5,3/5,2/6,3/5,3/5,2/5,3/5,3/5,2/4,3/5,2/5,3/5,3/6,3/7,3/6,3/5,3/6,3/6,3/6,3/6,3/7,3/6,3/6,3/6,2/3,3/7,2/5,3/7,3/7,3/6,2/5,3/6,2/5,3/7,3/7,2/4,3/7,2/5,1/5,2/5,3/6,NULL,NULL,NULL,NULL,NULL
207,Warding Lore,ME,RE,,ME/RE,magical,NULL,1/4,1/4,8,4,4,5,7,4,3/6,3,4,5,3/6,5,1/4,3/6,3/6,3,2/5,2/4,2/6,2/4,2/5,2/4,1/3,1/3,2/4,2/4,1/4,1/4,1/4,1/4,1/4,2/4,2/4,2/4,2/4,2/5,2/5,2/5,1/4,5,5,NULL,NULL,NULL,NULL,NULL
208,Weather-Watching,IN,EM,,IN/EM,academic,NULL,1/4,1/3,3/7,3/7,3/7,3/7,6,3/7,2/5,3/7,2/5,2/7,2/6,1/4,1/5,2/5,1/5,3/7,2/5,1/5,2/5,1/4,1/3,1/4,1/4,1/4,1/4,1/3,1/3,1/3,1/3,2/6,1/4,2/6,1/2,1/2,3/7,1/4,2/6,1/4,1/3,3/7,1/5,NULL,NULL,NULL,NULL,NULL
209,Weapon Evaluation,IN,RE,,IN/RE,general,NULL,1/3,2,1/3,1/3,2/5,1/2,2/5,1/3,2/6,1/4,1/3,1/3,2/5,1/2,1/3,3,3/6,1/4,1/3,1/4,2/4,4,3/6,4,4,3,4,2,2,5,3,5,3/7,3,2/6,4,3/7,3,3,3,3,1/3,1/4,NULL,NULL,NULL,NULL,NULL
210,Wood Crafts,AG,EM,NULL,AG/EM,general,NULL,1/3,2/5,2/6,2/7,3/6,2/6,6,2/6,3,2/7,2/6,2/6,2/4,1/3,1/3,3,1/5,3/5,2/4,2/4,3/7,3,3,3,3,3,3,2/6,2/5,2/6,2/6,1/2,4,3,3,3,3,3,4,3,2/6,2/6,2/4,NULL,NULL,NULL,NULL,NULL
211,Yado,QU,AG,,QU/AG,arms,NULL,6,5,3/6,3/6,4,2/6,2/5,3/6,7,3/6,5,3/6,5,3/6,6,4,3/6,3/6,3/7,4,3/7,6,7,6,6,6,6,5,4,7,5,7,9,6,6,7,9,7,6,6,7,3/6,2/6,NULL,NULL,NULL,NULL,NULL
212,Battle Axe,ST,ST,AG,ST/ST/AG,arms,2-H,NULL,NULL,NULL,NULL,NULL,NULL,NULL,NULL,NULL,NULL,NULL,NULL,NULL,NULL,NULL,NULL,NULL,NULL,NULL,NULL,NULL,NULL,NULL,NULL,NULL,NULL,NULL,NULL,NULL,NULL,NULL,NULL,NULL,NULL,NULL,NULL,NULL,NULL,NULL,NULL,NULL,NULL,NULL,NULL,NULL,NULL,NULL,NULL
213,Bola,AG,AG,ST,AG/AG/ST,arms,Thrown,NULL,NULL,NULL,NULL,NULL,NULL,NULL,NULL,NULL,NULL,NULL,NULL,NULL,NULL,NULL,NULL,NULL,NULL,NULL,NULL,NULL,NULL,NULL,NULL,NULL,NULL,NULL,NULL,NULL,NULL,NULL,NULL,NULL,NULL,NULL,NULL,NULL,NULL,NULL,NULL,NULL,NULL,NULL,NULL,NULL,NULL,NULL,NULL
214,Broadsword,ST,ST,AG,ST/ST/AG,arms,1-HS,NULL,NULL,NULL,NULL,NULL,NULL,NULL,NULL,NULL,NULL,NULL,NULL,NULL,NULL,NULL,NULL,NULL,NULL,NULL,NULL,NULL,NULL,NULL,NULL,NULL,NULL,NULL,NULL,NULL,NULL,NULL,NULL,NULL,NULL,NULL,NULL,NULL,NULL,NULL,NULL,NULL,NULL,NULL,NULL,NULL,NULL,NULL,NULL
215,Club,ST,ST,AG,ST/ST/AG,arms,1-HC,NULL,NULL,NULL,NULL,NULL,NULL,NULL,NULL,NULL,NULL,NULL,NULL,NULL,NULL,NULL,NULL,NULL,NULL,NULL,NULL,NULL,NULL,NULL,NULL,NULL,NULL,NULL,NULL,NULL,NULL,NULL,NULL,NULL,NULL,NULL,NULL,NULL,NULL,NULL,NULL,NULL,NULL,NULL,NULL,NULL,NULL,NULL,NULL
216,Composite Bow,AG,AG,ST,AG/AG/ST,arms,Missile,NULL,NULL,NULL,NULL,NULL,NULL,NULL,NULL,NULL,NULL,NULL,NULL,NULL,NULL,NULL,NULL,NULL,NULL,NULL,NULL,NULL,NULL,NULL,NULL,NULL,NULL,NULL,NULL,NULL,NULL,NULL,NULL,NULL,NULL,NULL,NULL,NULL,NULL,NULL,NULL,NULL,NULL,NULL,NULL,NULL,NULL,NULL,NULL
217,Dagger,ST,ST,AG,ST/ST/AG,arms,1-HS,NULL,NULL,NULL,NULL,NULL,NULL,NULL,NULL,NULL,NULL,NULL,NULL,NULL,NULL,NULL,NULL,NULL,NULL,NULL,NULL,NULL,NULL,NULL,NULL,NULL,NULL,NULL,NULL,NULL,NULL,NULL,NULL,NULL,NULL,NULL,NULL,NULL,NULL,NULL,NULL,NULL,NULL,NULL,NULL,NULL,NULL,NULL,NULL
218,Falchion,ST,ST,AG,ST/ST/AG,arms,1-HS,NULL,NULL,NULL,NULL,NULL,NULL,NULL,NULL,NULL,NULL,NULL,NULL,NULL,NULL,NULL,NULL,NULL,NULL,NULL,NULL,NULL,NULL,NULL,NULL,NULL,NULL,NULL,NULL,NULL,NULL,NULL,NULL,NULL,NULL,NULL,NULL,NULL,NULL,NULL,NULL,NULL,NULL,NULL,NULL,NULL,NULL,NULL,NULL
219,Flail,ST,ST,AG,ST/ST/AG,arms,2-H,NULL,NULL,NULL,NULL,NULL,NULL,NULL,NULL,NULL,NULL,NULL,NULL,NULL,NULL,NULL,NULL,NULL,NULL,NULL,NULL,NULL,NULL,NULL,NULL,NULL,NULL,NULL,NULL,NULL,NULL,NULL,NULL,NULL,NULL,NULL,NULL,NULL,NULL,NULL,NULL,NULL,NULL,NULL,NULL,NULL,NULL,NULL,NULL
220,Hand Axe,ST,ST,AG,ST/ST/AG,arms,1-HS,NULL,NULL,NULL,NULL,NULL,NULL,NULL,NULL,NULL,NULL,NULL,NULL,NULL,NULL,NULL,NULL,NULL,NULL,NULL,NULL,NULL,NULL,NULL,NULL,NULL,NULL,NULL,NULL,NULL,NULL,NULL,NULL,NULL,NULL,NULL,NULL,NULL,NULL,NULL,NULL,NULL,NULL,NULL,NULL,NULL,NULL,NULL,NULL
221,Heavy Crossbow,AG,AG,ST,AG/AG/ST,arms,Missile,NULL,NULL,NULL,NULL,NULL,NULL,NULL,NULL,NULL,NULL,NULL,NULL,NULL,NULL,NULL,NULL,NULL,NULL,NULL,NULL,NULL,NULL,NULL,NULL,NULL,NULL,NULL,NULL,NULL,NULL,NULL,NULL,NULL,NULL,NULL,NULL,NULL,NULL,NULL,NULL,NULL,NULL,NULL,NULL,NULL,NULL,NULL,NULL
222,Javelin,ST,ST,AG,ST/ST/AG,arms,Polearm,NULL,NULL,NULL,NULL,NULL,NULL,NULL,NULL,NULL,NULL,NULL,NULL,NULL,NULL,NULL,NULL,NULL,NULL,NULL,NULL,NULL,NULL,NULL,NULL,NULL,NULL,NULL,NULL,NULL,NULL,NULL,NULL,NULL,NULL,NULL,NULL,NULL,NULL,NULL,NULL,NULL,NULL,NULL,NULL,NULL,NULL,NULL,NULL
223,Lance,ST,ST,AG,ST/ST/AG,arms,2-h,NULL,NULL,NULL,NULL,NULL,NULL,NULL,NULL,NULL,NULL,NULL,NULL,NULL,NULL,NULL,NULL,NULL,NULL,NULL,NULL,NULL,NULL,NULL,NULL,NULL,NULL,NULL,NULL,NULL,NULL,NULL,NULL,NULL,NULL,NULL,NULL,NULL,NULL,NULL,NULL,NULL,NULL,NULL,NULL,NULL,NULL,NULL,NULL
224,Light Crossbow,AG,AG,ST,AG/AG/ST,arms,Missile,NULL,NULL,NULL,NULL,NULL,NULL,NULL,NULL,NULL,NULL,NULL,NULL,NULL,NULL,NULL,NULL,NULL,NULL,NULL,NULL,NULL,NULL,NULL,NULL,NULL,NULL,NULL,NULL,NULL,NULL,NULL,NULL,NULL,NULL,NULL,NULL,NULL,NULL,NULL,NULL,NULL,NULL,NULL,NULL,NULL,NULL,NULL,NULL
225,Long Bow,AG,AG,ST,AG/AG/ST,arms,Missile,NULL,NULL,NULL,NULL,NULL,NULL,NULL,NULL,NULL,NULL,NULL,NULL,NULL,NULL,NULL,NULL,NULL,NULL,NULL,NULL,NULL,NULL,NULL,NULL,NULL,NULL,NULL,NULL,NULL,NULL,NULL,NULL,NULL,NULL,NULL,NULL,NULL,NULL,NULL,NULL,NULL,NULL,NULL,NULL,NULL,NULL,NULL,NULL
226,Mace,ST,ST,AG,ST/ST/AG,arms,1-HC,NULL,NULL,NULL,NULL,NULL,NULL,NULL,NULL,NULL,NULL,NULL,NULL,NULL,NULL,NULL,NULL,NULL,NULL,NULL,NULL,NULL,NULL,NULL,NULL,NULL,NULL,NULL,NULL,NULL,NULL,NULL,NULL,NULL,NULL,NULL,NULL,NULL,NULL,NULL,NULL,NULL,NULL,NULL,NULL,NULL,NULL,NULL,NULL
227,Main Gauche,ST,ST,AG,ST/ST/AG,arms,1-HS,,NULL,NULL,NULL,NULL,NULL,NULL,NULL,NULL,NULL,NULL,NULL,NULL,NULL,NULL,NULL,NULL,NULL,NULL,NULL,NULL,NULL,NULL,NULL,NULL,NULL,NULL,NULL,NULL,NULL,NULL,NULL,NULL,NULL,NULL,NULL,NULL,NULL,NULL,NULL,NULL,NULL,NULL,NULL,NULL,NULL,NULL,NULL
228,Morning Star,ST,ST,AG,ST/ST/AG,arms,1-HC,NULL,NULL,NULL,NULL,NULL,NULL,NULL,NULL,NULL,NULL,NULL,NULL,NULL,NULL,NULL,NULL,NULL,NULL,NULL,NULL,NULL,NULL,NULL,NULL,NULL,NULL,NULL,NULL,NULL,NULL,NULL,NULL,NULL,NULL,NULL,NULL,NULL,NULL,NULL,NULL,NULL,NULL,NULL,NULL,NULL,NULL,NULL,NULL
229,Polearm,ST,ST,AG,ST/ST/AG,arms,Polearm,NULL,NULL,NULL,NULL,NULL,NULL,NULL,NULL,NULL,NULL,NULL,NULL,NULL,NULL,NULL,NULL,NULL,NULL,NULL,NULL,NULL,NULL,NULL,NULL,NULL,NULL,NULL,NULL,NULL,NULL,NULL,NULL,NULL,NULL,NULL,NULL,NULL,NULL,NULL,NULL,NULL,NULL,NULL,NULL,NULL,NULL,NULL,NULL
230,Quarterstaff,ST,ST,AG,ST/ST/AG,arms,2-H,NULL,NULL,NULL,NULL,NULL,NULL,NULL,NULL,NULL,NULL,NULL,NULL,NULL,NULL,NULL,NULL,NULL,NULL,NULL,NULL,NULL,NULL,NULL,NULL,NULL,NULL,NULL,NULL,NULL,NULL,NULL,NULL,NULL,NULL,NULL,NULL,NULL,NULL,NULL,NULL,NULL,NULL,NULL,NULL,NULL,NULL,NULL,NULL
231,Rapier,ST,ST,AG,ST/ST/AG,arms,1-HS,,NULL,NULL,NULL,NULL,NULL,NULL,NULL,NULL,NULL,NULL,NULL,NULL,NULL,NULL,NULL,NULL,NULL,NULL,NULL,NULL,NULL,NULL,NULL,NULL,NULL,NULL,NULL,NULL,NULL,NULL,NULL,NULL,NULL,NULL,NULL,NULL,NULL,NULL,NULL,NULL,NULL,NULL,NULL,NULL,NULL,NULL,NULL
232,Scimitar,ST,ST,AG,ST/ST/AG,arms,1-HS,NULL,NULL,NULL,NULL,NULL,NULL,NULL,NULL,NULL,NULL,NULL,NULL,NULL,NULL,NULL,NULL,NULL,NULL,NULL,NULL,NULL,NULL,NULL,NULL,NULL,NULL,NULL,NULL,NULL,NULL,NULL,NULL,NULL,NULL,NULL,NULL,NULL,NULL,NULL,NULL,NULL,NULL,NULL,NULL,NULL,NULL,NULL,NULL
233,Short Bow,AG,AG,ST,AG/AG/ST,arms,Missile,NULL,NULL,NULL,NULL,NULL,NULL,NULL,NULL,NULL,NULL,NULL,NULL,NULL,NULL,NULL,NULL,NULL,NULL,NULL,NULL,NULL,NULL,NULL,NULL,NULL,NULL,NULL,NULL,NULL,NULL,NULL,NULL,NULL,NULL,NULL,NULL,NULL,NULL,NULL,NULL,NULL,NULL,NULL,NULL,NULL,NULL,NULL,NULL
234,Short Sword,ST,ST,AG,ST/ST/AG,arms,1-HS,NULL,NULL,NULL,NULL,NULL,NULL,NULL,NULL,NULL,NULL,NULL,NULL,NULL,NULL,NULL,NULL,NULL,NULL,NULL,NULL,NULL,NULL,NULL,NULL,NULL,NULL,NULL,NULL,NULL,NULL,NULL,NULL,NULL,NULL,NULL,NULL,NULL,NULL,NULL,NULL,NULL,NULL,NULL,NULL,NULL,NULL,NULL,NULL
235,Sling,AG,AG,ST,AG/AG/ST,arms,Missile,NULL,NULL,NULL,NULL,NULL,NULL,NULL,NULL,NULL,NULL,NULL,NULL,NULL,NULL,NULL,NULL,NULL,NULL,NULL,NULL,NULL,NULL,NULL,NULL,NULL,NULL,NULL,NULL,NULL,NULL,NULL,NULL,NULL,NULL,NULL,NULL,NULL,NULL,NULL,NULL,NULL,NULL,NULL,NULL,NULL,NULL,NULL,NULL
236,Spear,ST,ST,AG,ST/ST/AG,arms,Polearm,NULL,NULL,NULL,NULL,NULL,NULL,NULL,NULL,NULL,NULL,NULL,NULL,NULL,NULL,NULL,NULL,NULL,NULL,NULL,NULL,NULL,NULL,NULL,NULL,NULL,NULL,NULL,NULL,NULL,NULL,NULL,NULL,NULL,NULL,NULL,NULL,NULL,NULL,NULL,NULL,NULL,NULL,NULL,NULL,NULL,NULL,NULL,NULL
237,Two-Handed Sword,ST,ST,AG,ST/ST/AG,arms,2-H,NULL,NULL,NULL,NULL,NULL,NULL,NULL,NULL,NULL,NULL,NULL,NULL,NULL,NULL,NULL,NULL,NULL,NULL,NULL,NULL,NULL,NULL,NULL,NULL,NULL,NULL,NULL,NULL,NULL,NULL,NULL,NULL,NULL,NULL,NULL,NULL,NULL,NULL,NULL,NULL,NULL,NULL,NULL,NULL,NULL,NULL,NULL,NULL
238,War Hammer,ST,ST,AG,ST/ST/AG,arms,1-HC,NULL,NULL,NULL,NULL,NULL,NULL,NULL,NULL,NULL,NULL,NULL,NULL,NULL,NULL,NULL,NULL,NULL,NULL,NULL,NULL,NULL,NULL,NULL,NULL,NULL,NULL,NULL,NULL,NULL,NULL,NULL,NULL,NULL,NULL,NULL,NULL,NULL,NULL,NULL,NULL,NULL,NULL,NULL,NULL,NULL,NULL,NULL,NULL
239,War Mattock,ST,ST,AG,ST/ST/AG,arms,2-H,NULL,NULL,NULL,NULL,NULL,NULL,NULL,NULL,NULL,NULL,NULL,NULL,NULL,NULL,NULL,NULL,NULL,NULL,NULL,NULL,NULL,NULL,NULL,NULL,NULL,NULL,NULL,NULL,NULL,NULL,NULL,NULL,NULL,NULL,NULL,NULL,NULL,NULL,NULL,NULL,NULL,NULL,NULL,NULL,NULL,NULL,NULL,NULL
240,Whip,ST,ST,AG,ST/ST/AG,arms,1-HC,NULL,NULL,NULL,NULL,NULL,NULL,NULL,NULL,NULL,NULL,NULL,NULL,NULL,NULL,NULL,NULL,NULL,NULL,NULL,NULL,NULL,NULL,NULL,NULL,NULL,NULL,NULL,NULL,NULL,NULL,NULL,NULL,NULL,NULL,NULL,NULL,NULL,NULL,NULL,NULL,NULL,NULL,NULL,NULL,NULL,NULL,NULL,NULL
241,Riding - Horse,EM,AG,,EM/AG,outdoor,NULL,3,1/3,2/6,3,3/7,2/6,3,2/5,3,2/6,1/4,2/7,2/6,1/3,2/6,3,3,3,2/5,2/6,2/6,4,3,3,3,3,3,3,1/4,3,2/4,2,3,2,2,3,4,3,3,3,3,3,2/6,NULL,NULL,NULL,NULL,NULL
242,Play Instruments: Category 2,AG,ME,,AG/ME,general,NULL,3/7,3/7,3/7,3/7,1/5,3/7,3/5,3/7,3/6,3/7,2/5,3/7,1/3,3/7,3/7,3/7,3/7,3/7,3/7,3/7,3/7,3/7,3/7,3/7,3/7,3/7,3/7,3/6,3/7,3/7,3/5,3/7,3/9,3/7,3/6,3/5,3/7,3/6,3/7,3/7,3/6,3/7,3/7,NULL,NULL,NULL,NULL,NULL
243,Play Instruments: Category 3,AG,ME,,AG/ME,general,NULL,3,3,3,3,2/6,3,3,3,3,3,3/6,3,1/4,3,3,3,3,3,3,3,3,3,3,3,3,3,3,3,3,3,3,3,4,3,3,3,3,3,3,3,3,3,3,NULL,NULL,NULL,NULL,NULL
244,Adrenal Defense,NA,NULL,NULL,NA,concentration,NULL,20,20,6,7,3/8,20,2/6,20,18,20,20,3/7,15,15,20,3,6,7,20,20,20,15,20,20,20,20,20,20,20,20,20,15,15,15,15,15,20,15,20,15,20,15,20,NULL,NULL,NULL,NULL,NULL
252,Shield Bash,ST,ST,AG,ST/ST/AG,arms,1-HC,NULL,NULL,NULL,NULL,NULL,,NULL,NULL,NULL,NULL,NULL,NULL,NULL,NULL,NULL,NULL,NULL,NULL,NULL,NULL,NULL,NULL,NULL,NULL,NULL,NULL,NULL,NULL,NULL,NULL,NULL,NULL,NULL,NULL,NULL,NULL,NULL,NULL,NULL,NULL,NULL,NULL,NULL,NULL,NULL,NULL,NULL,NULL
253,Directed Spells - Adrenal Focus,AG,,,AG,directed spells,NULL,2/7,3,25,20,20,20,20,20,15,20,20,20,10,9,9,15,9,2/6,20,15,3/6,2/6,2/5,1/4,2/6,2/6,2/6,3,3,3,2/7,2/7,2/7,2/6,2/7,2/7,3/8,2/6,2/6,2/7,2/5,20,20,NULL,NULL,NULL,NULL,NULL
254,Adrenal Spell Avoidance,PR,NULL,NULL,PR,concentration,NULL,6,5,2/4,1/3,1/3,2/6,1/3,2/6,5,2/6,2/6,1/3,2/7,2/7,1/3,2/4,2/4,2/4,3/9,2/7,3/7,5,5,6,6,6,6,5,5,5,5,3,7,3,3,5,5,5,5,5,5,2/6,2/7,NULL,NULL,NULL,NULL,NULL
255,Airborne Combat,AG,QU,NULL,AG/QU,arms,NULL,18,20,3/6,3/6,6,2/6,3/6,3/9,20,3/6,5,3/6,3/6,3/6,18,12,3/6,18,3/6,3/6,3/6,18,20,18,18,18,18,20,20,20,20,8,20,8,15,20,20,20,18,20,20,3/9,2/6,NULL,NULL,NULL,NULL,NULL
256,Awakening,IN,NULL,NULL,IN,arms,NULL,18,7,2/5,2/7,3/5,2/6,8,1/5,1/8,2/7,2/5,8,2,2/6,18,5,8,2/7,3/6,5,6,18,18,18,18,18,18,7,5,18,18,8,20,8,15,18,20,18,18,15,18,1/5,2/6,NULL,NULL,NULL,NULL,NULL
257,Battle Perception,IN,ME,NULL,IN/ME,academic,NULL,2/4,2/5,1/2,1/3,2/7,1/2,1/4,1/3,1/4,1/3,2/5,1/4,2/4,1/3,1/5,2/6,2/4,1/3,1/3,1/4,1/4,2/4,2/4,2/4,2/4,1/4,1/4,2/5,2/5,2/5,1/6,2/5,1/4,2/4,2/5,2/5,2/4,2/4,1/4,2/4,2/6,1/3,1/4,NULL,NULL,NULL,NULL,NULL
258,Blind Fighting:Hearing,RE,EM,NULL,RE/EM,arms,NULL,10,10,1/5,2/6,2/6,1/5,1/5,2/6,2/6,2/6,1/5,1/5,3/9,3/9,3/9,3/9,3/9,3/9,3/6,3/9,3/9,10,10,10,10,10,10,10,10,10,10,10,10,10,10,10,10,10,10,10,10,2/6,1/5,NULL,NULL,NULL,NULL,NULL
259,Blind Fighting:Smell,RE,ME,NULL,RE/ME,arms,NULL,20,20,2/7,3/9,3/9,2/7,2/7,3/9,3/9,3/9,2/7,2/7,10,10,10,10,10,10,10,10,10,20,20,20,20,20,20,20,20,20,20,20,20,20,20,20,20,20,20,20,20,3/9,2/7,NULL,NULL,NULL,NULL,NULL
260,Blind Fighting:Touch,RE,EM,NULL,RE/EM,arms,NULL,25,25,8,6,6,8,8,6,6,6,8,8,20,20,20,20,20,20,20,20,20,25,25,25,25,25,25,25,25,25,25,25,25,25,25,25,25,25,25,25,25,6,8,NULL,NULL,NULL,NULL,NULL
261,Blind Fighting:Intuition,IN,NULL,NULL,IN,arms,NULL,25,25,4/10,15,15,4/10,4/10,15,15,15,4/10,4/10,25,25,25,25,25,25,25,25,25,25,25,25,25,25,25,25,25,25,25,25,25,25,25,25,25,25,25,25,25,15,4/10,NULL,NULL,NULL,NULL,NULL
264,Cryptography,IN,RE,NULL,IN/RE,linguistic,NULL,2/6,2/6,2/6,2/5,1/4,2/6,2/6,2/5,1/3,2/5,1/4,2/6,1/2,2/6,2/6,1/4,2/6,2/5,2/6,2/6,2/6,2/6,2/6,2/6,2/6,1/5,2/5,2/5,2/5,2/6,1/5,2/5,1/2,2/5,2/4,2/4,2/5,2/5,2/6,1/5,1/4,2/5,2/6,NULL,NULL,NULL,NULL,NULL
265,Defensive Weaving,NULL,NULL,NULL,NA,concentration,NULL,20,20,6,7,3/8,20,2/6,20,18,20,20,3/7,15,15,20,3,6,7,20,20,20,15,20,20,20,20,20,20,20,20,20,15,15,15,15,15,20,15,20,15,20,20,20,NULL,NULL,NULL,NULL,NULL
266,Dentistry,ME,AG,NULL,ME/AG,medical,NULL,5,3/7,8,6,6,7,5,7,3/6,6,7,4,6,7,5,3/6,5,6,3,3/6,6,6,8,6,6,6,6,4,3/7,2/5,4,2/4,5,6,5,6,5,6,5,6,6,7,7,NULL,NULL,NULL,NULL,NULL
267,Directed Strength,SD,NULL,NULL,SD,arms,NULL,6,5,3/6,3/6,4,2/6,2/5,3/6,7,3/6,5,3/6,5,3/6,6,4,3/6,3/6,3/7,4,3/7,6,7,6,6,6,6,5,4,7,5,7,9,6,6,7,9,7,6,6,7,3/6,2/6,NULL,NULL,NULL,NULL,NULL
268,Distract Foe,AG,QU,NULL,AG/QU,arms,NULL,9,6,3/7,3/7,1/5,3/7,1/2,3/7,3,3/7,3/7,1/3,3,3/7,4,2/5,2/5,3/7,6,4,3/8,6,9,9,9,9,9,6,6,6,6,3,4,3,3,6,9,6,9,9,8,3/7,3/7,NULL,NULL,NULL,NULL,NULL
269,Donning/Doffing Armor:SL,QU,AG,NULL,QU/AG,arms,NULL,9,9,2/*,9,2/*,1/*,2/*,1/*,3/*,1/*,2/*,9,2/*,2/*,9/*,5/*,9,2/*,1/*,1/*,2/*,9,9,9,9,9,9,1/*,1/*,2/*,1/*,2/*,4/*,4/*,4/*,4/*,10,4/*,9,4/*,9,1/*,1/*,NULL,NULL,NULL,NULL,NULL
270,Donning/Doffing Armor:RL,QU,AG,NULL,QU/AG,arms,NULL,9,9,3/*,9,9,1/*,2/*,1/*,4/*,2/*,2/*,9,2/*,2/*,9/*,7/*,9,2/*,1/*,2/*,2/*,9,9,9,9,9,9,2/*,1/*,3/*,2/*,3/*,5/*,5/*,5/*,5/*,12,5/*,9,4/*,9,1/*,1/*,NULL,NULL,NULL,NULL,NULL
271,Donning/Doffing Armor:Chain,QU,AG,NULL,QU/AG,arms,NULL,10,10,5/*,10,3/*,2/*,3/*,3/*,5/*,3/*,4/*,10,3/*,4/*,10,4/*,10,4/*,2/*,3/*,3/*,10,10,10,10,10,10,10,10,10,10,4/*,6/*,6/*,6/*,6/*,15,6/*,10,6/*,10,4/*,3/*,NULL,NULL,NULL,NULL,NULL
272,Donning/Doffing Armor:Plate,QU,AG,NULL,QU/AG,arms,NULL,11,11,7/*,10,15,2/*,5/*,3/*,7/*,4/*,5,10,5/*,6/*,11,20,11,6/*,3/*,4/*,4/*,11,11,11,11,11,11,11,11,11,11,5/*,7/*,7/*,7/*,7/*,20,7/*,11,7/*,11,7/*,4/*,NULL,NULL,NULL,NULL,NULL
274,Feinting,QU,PR,NULL,QU/PR,arms,NULL,6,5,2/5,2/5,3/6,2/5,1/3,2/5,7,2/5,4,2/3,5,2/5,6,5,3,2/5,2/5,4,4,6,6,6,6,6,5,5,5,7,7,7,9,6,6,6,9,6,6,5,5,2/5,2/5,NULL,NULL,NULL,NULL,NULL
275,Focus,SD,NULL,NULL,SD,arms,NULL,18,20,3/6,3/6,6,2/6,3/6,3/6,20,3/6,5,3/6,3/6,3/6,18,12,3/6,18,3/6,3/6,3/6,18,20,18,18,18,18,20,20,20,20,8,20,8,15,20,20,20,18,20,20,3/6,2/6,NULL,NULL,NULL,NULL,NULL
276,Holding Breath,CO,SD,NULL,CO/SD,body development,NULL,6,4,1/3,3/7,1/5,1/3,2/7,2/5,7,3/7,2/6,2/7,3/8,2/7,4/7,2/6,3/7,3/8,2/5,2/7,2/8,8,8,8,8,7,8,6,4,1/3,2/4,6,6,6,6,6,8,8,8,8,6,2/5,2/7,NULL,NULL,NULL,NULL,NULL
277,Honing,AG,EM,NULL,AG/EM,general,NULL,NULL,NULL,NULL,NULL,NULL,NULL,NULL,NULL,NULL,NULL,NULL,NULL,NULL,NULL,NULL,NULL,NULL,NULL,NULL,NULL,NULL,NULL,NULL,NULL,NULL,NULL,NULL,NULL,NULL,NULL,NULL,NULL,NULL,NULL,NULL,NULL,NULL,NULL,NULL,NULL,NULL,NULL,NULL,NULL,NULL,NULL,NULL,NULL
278,Hygiene,CO,SD,NULL,CO/SD,body development,NULL,3,2,1/2,2/4,1/3,1/2,1/4,1/3,4,2/4,1/3,1/4,2/4,1/4,2/4,1/3,2/4,2/4,1/3,1/4,1/4,4,4,4,4,4,4,3,2,1/2,1/2,3,3,3,3,3,4,4,4,4,3,1/3,1/3,NULL,NULL,NULL,NULL,NULL
281,Intimidation,PR,RE,NULL,PR/RE,social,NULL,2/5,2/6,2/5,2/6,1/2,2/6,3/6,2/5,2/6,2/6,2/5,2/6,1/4,2/6,2/5,2/5,2/6,2/6,2/6,2/6,2/5,2/5,2/5,2/5,2/5,2/5,2/5,2/6,2/6,2/6,2/6,2/6,2/6,2/6,2/4,2/6,2/6,1/3,2/6,1/3,1/4,2/5,2/6,NULL,NULL,NULL,NULL,NULL
285,Mind Block,SD,PR,NULL,SD/PR,general,NULL,11,11,4,6,6,4,4,6,6,6,4,4,8,8,8,8,8,8,8,8,8,11,11,11,11,11,11,11,11,11,11,11,11,11,11,11,11,11,11,11,11,6,8,NULL,NULL,NULL,NULL,NULL
286,Moving Strike,AG,SD,NULL,AG/SD,arms,NULL,20,20,3/8,3/5,3/7,2/7,2/4,3/8,20,4,4,2/6,5,3/7,20,3/9,3/7,4,3/7,3/7,3/8,20,20,20,20,20,20,20,15,20,20,20,20,20,20,20,20,20,20,20,20,3/8,2/7,NULL,NULL,NULL,NULL,NULL
288,Prepared Shot,SD,IN,NULL,SD/IN,concentration,NULL,6,5,2/4,1/3,1/2,2/6,1/3,2/6,5,2/6,2/6,1/3,2/7,2/7,2/7,1/4,2/4,2/7,3/9,2/7,3/7,5,5,6,6,6,6,5,5,5,5,3,7,3,3,5,5,5,5,5,5,2/6,2/7,NULL,NULL,NULL,NULL,NULL
291,Seaborne Combat,AG,AG,IN,AG/AG/IN,athletic,NULL,3,2/5,1/4,1/4,3/7,1/4,6,1/3,3,1/4,1/4,1/4,2/5,1/3,3,3/9,1/5,1/4,2/4,2/4,2/5,3,3,3,3,3,3,2/5,2/7,2/6,2/4,3,5,3,3,3,4,3,3,3,3,1/3,1/4,NULL,NULL,NULL,NULL,NULL
295,Taunting,IN,NULL,NULL,IN,subterfuge,NULL,4,8,2/5,1/3,3,3/8,3/6,2/5,3/9,1/3,3/6,3/9,4,2/6,1/5,5,4,3/7,7,4,4,7,7,7,7,7,8,7,7,8,7,8,8,7,7,7,6,7,7,7,8,2/5,4,NULL,NULL,NULL,NULL,NULL
297,Unhorsing,ST,ST,AG,ST/ST/AG,arms,NULL,18,20,3/6,3/6,6,2/6,3/6,3/6,20,3/6,5,3/6,3/6,3/6,18,12,3/6,18,3/6,3/6,3/6,18,20,18,18,18,18,20,20,20,20,8,20,8,15,20,20,20,18,20,20,3/6,2/6,NULL,NULL,NULL,NULL,NULL
298,Weapon/Armor Maintenance,AG,SD,NULL,AG/SD,general,NULL,1/2,3,3/5,2/6,3/7,3/5,6,2/7,4,2/6,3/6,3/5,3/5,3/5,1/2,4,2/6,2/6,3/5,2/7,3/7,3,3,3,3,3,3,3,3,3,3,3,5,3,3,3,2/4,3,3,4,3,2/7,2/7,NULL,NULL,NULL,NULL,NULL
299,Weapon Brawling,AG,QU,ST,AG/QU/ST,arms,NULL,NULL,NULL,NULL,NULL,NULL,NULL,NULL,NULL,NULL,NULL,NULL,NULL,NULL,NULL,NULL,NULL,NULL,NULL,NULL,NULL,NULL,NULL,NULL,NULL,NULL,NULL,NULL,NULL,NULL,NULL,NULL,NULL,NULL,NULL,NULL,NULL,NULL,NULL,NULL,NULL,NULL,NULL,NULL,NULL,NULL,NULL,NULL,NULL
302,Weapon Snare,QU,AG,NULL,QU/AG,arms,NULL,6,5,2/5,2/5,3/6,2/5,1/3,2/5,7,2/5,4,2/3,5,2/5,6,5,3,2/5,2/5,4,4,6,6,6,6,6,5,5,5,7,7,7,9,6,6,6,9,6,6,5,5,2/5,2/5,NULL,NULL,NULL,NULL,NULL
303,Weapon Trickery,AG,QU,NULL,AG/QU,arms,NULL,9,6,1/5,3/8,3/9,1/5,3/7,2/5,4/8,2/7,2/7,4,3/9,3/7,4/8,3/9,5,3/9,2/5,3/7,2/7,9,9,9,9,9,9,6,5,9,6,8,8,6,6,9,9,9,9,8,9,2/5,1/5,NULL,NULL,NULL,NULL,NULL
304,Whip Grapple : 1,AG,ST,NULL,AG/ST,arms,NULL,9,6,3/7,3/7,1/5,3/7,1/2,3/7,3,3/7,3/7,1/3,3,3/7,4,2/5,2/5,3/7,6,4,3/8,6,9,9,9,9,9,6,6,6,6,3,4,3,3,6,9,6,9,9,8,3/7,3/7,NULL,NULL,NULL,NULL,NULL
305,Whip Grapple : 2,AG,ST,NULL,AG/ST,arms,NULL,9,6,3/7,3/4,1/5,3/7,1/2,3/7,3,3/7,3/7,1/3,3,3/7,4,2/5,2/5,3/7,6,4,3/8,6,9,9,9,9,9,6,6,6,6,3,4,3,3,6,9,6,9,9,8,3/7,3/7,NULL,NULL,NULL,NULL,NULL
306,Whip Grapple : 3,AG,ST,NULL,AG/ST,arms,NULL,9,6,3/7,3/7,1/5,3/7,1/2,3/7,3,3/7,3/7,1/3,3,3/7,4,2/5,2/5,3/7,6,4,3/8,6,9,9,9,9,9,6,6,6,6,3,4,3,3,6,9,6,9,9,8,3/7,3/7,NULL,NULL,NULL,NULL,NULL
307,Whip Grapple : 4,AG,ST,NULL,AG/ST,arms,NULL,9,6,3/7,3/7,1/5,3/7,1/2,3/7,3,3/7,3/7,1/3,3,3/7,4,2/5,2/5,3/7,6,4,3/8,6,9,9,9,9,9,6,6,6,6,3,4,3,3,6,9,6,9,9,8,3/7,3/7,NULL,NULL,NULL,NULL,NULL
309,TWC - Scimitar: RH,ST,ST,AG,ST/ST/AG,arms,1-HS,NULL,NULL,NULL,NULL,NULL,NULL,NULL,NULL,NULL,NULL,NULL,NULL,NULL,NULL,NULL,NULL,NULL,NULL,NULL,NULL,NULL,NULL,NULL,NULL,NULL,NULL,NULL,NULL,NULL,NULL,NULL,NULL,NULL,NULL,NULL,NULL,NULL,NULL,NULL,NULL,NULL,NULL,NULL,NULL,NULL,NULL,NULL,NULL
310,TWC - Scimitar: LH,ST,ST,AG,ST/ST/AG,arms,1-HS,NULL,NULL,NULL,NULL,NULL,NULL,NULL,NULL,NULL,NULL,NULL,NULL,NULL,NULL,NULL,NULL,NULL,NULL,NULL,NULL,NULL,NULL,NULL,NULL,NULL,NULL,NULL,NULL,NULL,NULL,NULL,NULL,NULL,NULL,NULL,NULL,NULL,NULL,NULL,NULL,NULL,NULL,NULL,NULL,NULL,NULL,NULL,NULL
311,Dagger: Thrown,AG,AG,ST,AG/AG/ST,arms,Thrown,NULL,NULL,NULL,NULL,NULL,NULL,NULL,NULL,NULL,NULL,NULL,NULL,NULL,NULL,NULL,NULL,NULL,NULL,NULL,NULL,NULL,NULL,NULL,NULL,NULL,NULL,NULL,NULL,NULL,NULL,NULL,NULL,NULL,NULL,NULL,NULL,NULL,NULL,NULL,NULL,NULL,NULL,NULL,NULL,NULL,NULL,NULL,NULL
312,Directed Spells - Shock Bolt,AG,,,AG,directed spells,NULL,2/7,3,25,20,20,20,20,20,15,20,20,20,10,9,9,15,9,2/6,20,15,3/6,2/6,2/5,1/4,2/6,2/6,2/6,3,3,3,2/7,2/7,2/7,2/6,2/7,2/7,3/8,2/6,2/6,2/7,2/5,20,20,NULL,NULL,NULL,NULL,NULL
313,Directed Spells - Water Bolt,AG,,,AG,directed spells,NULL,2/7,3,25,20,20,20,20,20,15,20,20,20,10,9,9,15,9,2/6,20,15,3/6,2/6,2/5,1/4,2/6,2/6,2/6,3,3,3,2/7,2/7,2/7,2/6,2/7,2/7,3/8,2/6,2/6,2/7,2/5,20,20,NULL,NULL,NULL,NULL,NULL
314,Directed Spells - Fire Bolt,AG,,,AG,directed spells,NULL,2/7,3,25,20,20,20,20,20,15,20,20,20,10,9,9,15,9,2/6,20,15,3/6,2/6,2/5,1/4,2/6,2/6,2/6,3,3,3,2/7,2/7,2/7,2/6,2/7,2/7,3/8,2/6,2/6,2/7,2/5,20,20,NULL,NULL,NULL,NULL,NULL
315,Directed Spells - Lightning Bolt,AG,,,AG,directed spells,NULL,2/7,3,25,20,20,20,20,20,15,20,20,20,10,9,9,15,9,2/6,20,15,3/6,2/6,2/5,1/4,2/6,2/6,2/6,3,3,3,2/7,2/7,2/7,2/6,2/7,2/7,3/8,2/6,2/6,2/7,2/5,20,20,NULL,NULL,NULL,NULL,NULL
316,Directed Spells - Plasma Bolt,AG,,,AG,directed spells,NULL,2/7,3,25,20,20,20,20,20,15,20,20,20,10,9,9,15,9,2/6,20,15,3/6,2/6,2/5,1/4,2/6,2/6,2/6,3,3,3,2/7,2/7,2/7,2/6,2/7,2/7,3/8,2/6,2/6,2/7,2/5,20,20,NULL,NULL,NULL,NULL,NULL
317,Directed Spells - Nether Bolt,AG,,,AG,directed spells,NULL,2/7,3,25,20,20,20,20,20,15,20,20,20,10,9,9,15,9,2/6,20,15,3/6,2/6,2/5,1/4,2/6,2/6,2/6,3,3,3,2/7,2/7,2/7,2/6,2/7,2/7,3/8,2/6,2/6,2/7,2/5,20,20,NULL,NULL,NULL,NULL,NULL
